CreditCardId,Timestamp,Location,Amount,Type
039AA17C-2C5C-4A4F-B019-D416D0E4F5E6,2019-09-04T11:29:07.3991678+01:00,Miami,534,Regular
039AA17C-2C5C-4A4F-B019-D416D0E4F5E6,2019-09-04T11:39:07.3991678+01:00,Miami,515,Regular
FC6018B3-B934-4FFF-B6A9-904C4B3082C7,2019-09-04T11:49:07.3991678+01:00,Seattle,799,Regular
1AF29CA0-FBF2-48B6-9D0B-88FF331FADC1,2019-09-04T11:59:07.3991678+01:00,Kahului,574,Regular
B3B19755-C6E5-4E4A-B423-1B31DCCEB137,2019-09-04T12:09:07.3991678+01:00,New York,20,Regular
039AA17C-2C5C-4A4F-B019-D416D0E4F5E6,2019-09-04T12:19:07.3991678+01:00,Miami,881,Regular
B3B19755-C6E5-4E4A-B423-1B31DCCEB137,2019-09-04T12:29:07.3991678+01:00,New York,161,Regular
B3B19755-C6E5-4E4A-B423-1B31DCCEB137,2019-09-04T12:29:09.3991678+01:00,Seattle,676,Suspect
1AF29CA0-FBF2-48B6-9D0B-88FF331FADC1,2019-09-04T12:39:07.3991678+01:00,Kahului,768,Regular
039AA17C-2C5C-4A4F-B019-D416D0E4F5E6,2019-09-04T12:49:07.3991678+01:00,Miami,457,Regular
1AF29CA0-FBF2-48B6-9D0B-88FF331FADC1,2019-09-04T12:59:07.3991678+01:00,Kahului,795,Regular
039AA17C-2C5C-4A4F-B019-D416D0E4F5E6,2019-09-04T13:09:07.3991678+01:00,Miami,231,Regular
71B3B20F-0BD1-4C1D-BA33-3264D904581C,2019-09-04T13:19:07.3991678+01:00,San Francisco,396,Regular
039AA17C-2C5C-4A4F-B019-D416D0E4F5E6,2019-09-04T13:29:07.3991678+01:00,Miami,78,Regular
71B3B20F-0BD1-4C1D-BA33-3264D904581C,2019-09-04T13:39:07.3991678+01:00,San Francisco,214,Regular
FC6018B3-B934-4FFF-B6A9-904C4B3082C7,2019-09-04T13:49:07.3991678+01:00,Seattle,986,Regular
71B3B20F-0BD1-4C1D-BA33-3264D904581C,2019-09-04T13:59:07.3991678+01:00,San Francisco,922,Regular
039AA17C-2C5C-4A4F-B019-D416D0E4F5E6,2019-09-04T14:09:07.3991678+01:00,Miami,509,Regular
1AF29CA0-FBF2-48B6-9D0B-88FF331FADC1,2019-09-04T14:19:07.3991678+01:00,Kahului,844,Regular
B3B19755-C6E5-4E4A-B423-1B31DCCEB137,2019-09-04T14:29:07.3991678+01:00,New York,800,Regular
FC6018B3-B934-4FFF-B6A9-904C4B3082C7,2019-09-04T14:39:07.3991678+01:00,Seattle,372,Regular
71B3B20F-0BD1-4C1D-BA33-3264D904581C,2019-09-04T14:49:07.3991678+01:00,San Francisco,516,Regular
1AF29CA0-FBF2-48B6-9D0B-88FF331FADC1,2019-09-04T14:59:07.3991678+01:00,Kahului,130,Regular
71B3B20F-0BD1-4C1D-BA33-3264D904581C,2019-09-04T15:09:07.3991678+01:00,San Francisco,696,Regular
71B3B20F-0BD1-4C1D-BA33-3264D904581C,2019-09-04T15:19:07.3991678+01:00,San Francisco,269,Regular
71B3B20F-0BD1-4C1D-BA33-3264D904581C,2019-09-04T15:19:09.3991678+01:00,Miami,872,Suspect
71B3B20F-0BD1-4C1D-BA33-3264D904581C,2019-09-04T15:29:07.3991678+01:00,San Francisco,624,Regular
B3B19755-C6E5-4E4A-B423-1B31DCCEB137,2019-09-04T15:39:07.3991678+01:00,New York,494,Regular
71B3B20F-0BD1-4C1D-BA33-3264D904581C,2019-09-04T15:49:07.3991678+01:00,San Francisco,754,Regular
039AA17C-2C5C-4A4F-B019-D416D0E4F5E6,2019-09-04T15:59:07.3991678+01:00,Miami,254,Regular
FC6018B3-B934-4FFF-B6A9-904C4B3082C7,2019-09-04T16:09:07.3991678+01:00,Seattle,796,Regular
B3B19755-C6E5-4E4A-B423-1B31DCCEB137,2019-09-04T16:19:07.3991678+01:00,New York,678,Regular
1AF29CA0-FBF2-48B6-9D0B-88FF331FADC1,2019-09-04T16:29:07.3991678+01:00,Kahului,22,Regular
1AF29CA0-FBF2-48B6-9D0B-88FF331FADC1,2019-09-04T16:39:07.3991678+01:00,Kahului,368,Regular
1AF29CA0-FBF2-48B6-9D0B-88FF331FADC1,2019-09-04T16:49:07.3991678+01:00,Kahului,61,Regular
B3B19755-C6E5-4E4A-B423-1B31DCCEB137,2019-09-04T16:59:07.3991678+01:00,New York,623,Regular
71B3B20F-0BD1-4C1D-BA33-3264D904581C,2019-09-04T17:09:07.3991678+01:00,San Francisco,753,Regular
B3B19755-C6E5-4E4A-B423-1B31DCCEB137,2019-09-04T17:19:07.3991678+01:00,New York,944,Regular
FC6018B3-B934-4FFF-B6A9-904C4B3082C7,2019-09-04T17:29:07.3991678+01:00,Seattle,377,Regular
FC6018B3-B934-4FFF-B6A9-904C4B3082C7,2019-09-04T17:39:07.3991678+01:00,Seattle,732,Regular
71B3B20F-0BD1-4C1D-BA33-3264D904581C,2019-09-04T17:49:07.3991678+01:00,San Francisco,477,Regular
71B3B20F-0BD1-4C1D-BA33-3264D904581C,2019-09-04T17:59:07.3991678+01:00,San Francisco,951,Regular
FC6018B3-B934-4FFF-B6A9-904C4B3082C7,2019-09-04T18:09:07.3991678+01:00,Seattle,773,Regular
71B3B20F-0BD1-4C1D-BA33-3264D904581C,2019-09-04T18:19:07.3991678+01:00,San Francisco,235,Regular
039AA17C-2C5C-4A4F-B019-D416D0E4F5E6,2019-09-04T18:29:07.3991678+01:00,Miami,764,Regular
71B3B20F-0BD1-4C1D-BA33-3264D904581C,2019-09-04T18:39:07.3991678+01:00,San Francisco,925,Regular
B3B19755-C6E5-4E4A-B423-1B31DCCEB137,2019-09-04T18:49:07.3991678+01:00,New York,308,Regular
FC6018B3-B934-4FFF-B6A9-904C4B3082C7,2019-09-04T18:59:07.3991678+01:00,Seattle,47,Regular
B3B19755-C6E5-4E4A-B423-1B31DCCEB137,2019-09-04T19:09:07.3991678+01:00,New York,869,Regular
039AA17C-2C5C-4A4F-B019-D416D0E4F5E6,2019-09-04T19:19:07.3991678+01:00,Miami,379,Regular
71B3B20F-0BD1-4C1D-BA33-3264D904581C,2019-09-04T19:29:07.3991678+01:00,San Francisco,655,Regular
71B3B20F-0BD1-4C1D-BA33-3264D904581C,2019-09-04T19:39:07.3991678+01:00,San Francisco,76,Regular
039AA17C-2C5C-4A4F-B019-D416D0E4F5E6,2019-09-04T19:49:07.3991678+01:00,Miami,804,Regular
FC6018B3-B934-4FFF-B6A9-904C4B3082C7,2019-09-04T19:59:07.3991678+01:00,Seattle,931,Regular
039AA17C-2C5C-4A4F-B019-D416D0E4F5E6,2019-09-04T20:09:07.3991678+01:00,Miami,618,Regular
B3B19755-C6E5-4E4A-B423-1B31DCCEB137,2019-09-04T20:19:07.3991678+01:00,New York,877,Regular
FC6018B3-B934-4FFF-B6A9-904C4B3082C7,2019-09-04T20:29:07.3991678+01:00,Seattle,420,Regular
B3B19755-C6E5-4E4A-B423-1B31DCCEB137,2019-09-04T20:39:07.3991678+01:00,New York,318,Regular
B3B19755-C6E5-4E4A-B423-1B31DCCEB137,2019-09-04T20:49:07.3991678+01:00,New York,954,Regular
B3B19755-C6E5-4E4A-B423-1B31DCCEB137,2019-09-04T20:59:07.3991678+01:00,New York,453,Regular
FC6018B3-B934-4FFF-B6A9-904C4B3082C7,2019-09-04T21:09:07.3991678+01:00,Seattle,49,Regular
71B3B20F-0BD1-4C1D-BA33-3264D904581C,2019-09-04T21:19:07.3991678+01:00,San Francisco,104,Regular
B3B19755-C6E5-4E4A-B423-1B31DCCEB137,2019-09-04T21:29:07.3991678+01:00,New York,249,Regular
1AF29CA0-FBF2-48B6-9D0B-88FF331FADC1,2019-09-04T21:39:07.3991678+01:00,Kahului,382,Regular
FC6018B3-B934-4FFF-B6A9-904C4B3082C7,2019-09-04T21:49:07.3991678+01:00,Seattle,167,Regular
71B3B20F-0BD1-4C1D-BA33-3264D904581C,2019-09-04T21:59:07.3991678+01:00,San Francisco,808,Regular
B3B19755-C6E5-4E4A-B423-1B31DCCEB137,2019-09-04T22:09:07.3991678+01:00,New York,970,Regular
039AA17C-2C5C-4A4F-B019-D416D0E4F5E6,2019-09-04T22:19:07.3991678+01:00,Miami,349,Regular
039AA17C-2C5C-4A4F-B019-D416D0E4F5E6,2019-09-04T22:29:07.3991678+01:00,Miami,822,Regular
71B3B20F-0BD1-4C1D-BA33-3264D904581C,2019-09-04T22:39:07.3991678+01:00,San Francisco,223,Regular
FC6018B3-B934-4FFF-B6A9-904C4B3082C7,2019-09-04T22:49:07.3991678+01:00,Seattle,542,Regular
71B3B20F-0BD1-4C1D-BA33-3264D904581C,2019-09-04T22:59:07.3991678+01:00,San Francisco,397,Regular
71B3B20F-0BD1-4C1D-BA33-3264D904581C,2019-09-04T22:59:09.3991678+01:00,Miami,456,Suspect
1AF29CA0-FBF2-48B6-9D0B-88FF331FADC1,2019-09-04T23:09:07.3991678+01:00,Kahului,938,Regular
FC6018B3-B934-4FFF-B6A9-904C4B3082C7,2019-09-04T23:19:07.3991678+01:00,Seattle,492,Regular
B3B19755-C6E5-4E4A-B423-1B31DCCEB137,2019-09-04T23:29:07.3991678+01:00,New York,332,Regular
B3B19755-C6E5-4E4A-B423-1B31DCCEB137,2019-09-04T23:29:09.3991678+01:00,San Francisco,151,Suspect
FC6018B3-B934-4FFF-B6A9-904C4B3082C7,2019-09-04T23:39:07.3991678+01:00,Seattle,147,Regular
FC6018B3-B934-4FFF-B6A9-904C4B3082C7,2019-09-04T23:49:07.3991678+01:00,Seattle,482,Regular
FC6018B3-B934-4FFF-B6A9-904C4B3082C7,2019-09-04T23:59:07.3991678+01:00,Seattle,700,Regular
B3B19755-C6E5-4E4A-B423-1B31DCCEB137,2019-09-05T00:09:07.3991678+01:00,New York,282,Regular
71B3B20F-0BD1-4C1D-BA33-3264D904581C,2019-09-05T00:19:07.3991678+01:00,San Francisco,26,Regular
B3B19755-C6E5-4E4A-B423-1B31DCCEB137,2019-09-05T00:29:07.3991678+01:00,New York,839,Regular
1AF29CA0-FBF2-48B6-9D0B-88FF331FADC1,2019-09-05T00:39:07.3991678+01:00,Kahului,769,Regular
B3B19755-C6E5-4E4A-B423-1B31DCCEB137,2019-09-05T00:49:07.3991678+01:00,New York,16,Regular
039AA17C-2C5C-4A4F-B019-D416D0E4F5E6,2019-09-05T00:59:07.3991678+01:00,Miami,903,Regular
039AA17C-2C5C-4A4F-B019-D416D0E4F5E6,2019-09-05T00:59:09.3991678+01:00,San Francisco,179,Suspect
039AA17C-2C5C-4A4F-B019-D416D0E4F5E6,2019-09-05T01:09:07.3991678+01:00,Miami,517,Regular
B3B19755-C6E5-4E4A-B423-1B31DCCEB137,2019-09-05T01:19:07.3991678+01:00,New York,817,Regular
71B3B20F-0BD1-4C1D-BA33-3264D904581C,2019-09-05T01:29:07.3991678+01:00,San Francisco,457,Regular
1AF29CA0-FBF2-48B6-9D0B-88FF331FADC1,2019-09-05T01:39:07.3991678+01:00,Kahului,936,Regular
039AA17C-2C5C-4A4F-B019-D416D0E4F5E6,2019-09-05T01:49:07.3991678+01:00,Miami,21,Regular
B3B19755-C6E5-4E4A-B423-1B31DCCEB137,2019-09-05T01:59:07.3991678+01:00,New York,697,Regular
71B3B20F-0BD1-4C1D-BA33-3264D904581C,2019-09-05T02:09:07.3991678+01:00,San Francisco,925,Regular
1AF29CA0-FBF2-48B6-9D0B-88FF331FADC1,2019-09-05T02:19:07.3991678+01:00,Kahului,563,Regular
FC6018B3-B934-4FFF-B6A9-904C4B3082C7,2019-09-05T02:29:07.3991678+01:00,Seattle,553,Regular
FC6018B3-B934-4FFF-B6A9-904C4B3082C7,2019-09-05T02:39:07.3991678+01:00,Seattle,91,Regular
039AA17C-2C5C-4A4F-B019-D416D0E4F5E6,2019-09-05T02:49:07.3991678+01:00,Miami,727,Regular
71B3B20F-0BD1-4C1D-BA33-3264D904581C,2019-09-05T02:59:07.3991678+01:00,San Francisco,513,Regular
1AF29CA0-FBF2-48B6-9D0B-88FF331FADC1,2019-09-05T03:09:07.3991678+01:00,Kahului,56,Regular
039AA17C-2C5C-4A4F-B019-D416D0E4F5E6,2019-09-05T03:19:07.3991678+01:00,Miami,592,Regular
B3B19755-C6E5-4E4A-B423-1B31DCCEB137,2019-09-05T03:29:07.3991678+01:00,New York,898,Regular
71B3B20F-0BD1-4C1D-BA33-3264D904581C,2019-09-05T03:39:07.3991678+01:00,San Francisco,312,Regular
039AA17C-2C5C-4A4F-B019-D416D0E4F5E6,2019-09-05T03:49:07.3991678+01:00,Miami,679,Regular
71B3B20F-0BD1-4C1D-BA33-3264D904581C,2019-09-05T03:59:07.3991678+01:00,San Francisco,760,Regular
71B3B20F-0BD1-4C1D-BA33-3264D904581C,2019-09-05T04:09:07.3991678+01:00,San Francisco,724,Regular
039AA17C-2C5C-4A4F-B019-D416D0E4F5E6,2019-09-05T04:19:07.3991678+01:00,Miami,805,Regular
71B3B20F-0BD1-4C1D-BA33-3264D904581C,2019-09-05T04:29:07.3991678+01:00,San Francisco,843,Regular
71B3B20F-0BD1-4C1D-BA33-3264D904581C,2019-09-05T04:39:07.3991678+01:00,San Francisco,292,Regular
71B3B20F-0BD1-4C1D-BA33-3264D904581C,2019-09-05T04:49:07.3991678+01:00,San Francisco,299,Regular
B3B19755-C6E5-4E4A-B423-1B31DCCEB137,2019-09-05T04:59:07.3991678+01:00,New York,403,Regular
1AF29CA0-FBF2-48B6-9D0B-88FF331FADC1,2019-09-05T05:09:07.3991678+01:00,Kahului,913,Regular
71B3B20F-0BD1-4C1D-BA33-3264D904581C,2019-09-05T05:19:07.3991678+01:00,San Francisco,11,Regular
1AF29CA0-FBF2-48B6-9D0B-88FF331FADC1,2019-09-05T05:29:07.3991678+01:00,Kahului,511,Regular
71B3B20F-0BD1-4C1D-BA33-3264D904581C,2019-09-05T05:39:07.3991678+01:00,San Francisco,691,Regular
B3B19755-C6E5-4E4A-B423-1B31DCCEB137,2019-09-05T05:49:07.3991678+01:00,New York,49,Regular
039AA17C-2C5C-4A4F-B019-D416D0E4F5E6,2019-09-05T05:59:07.3991678+01:00,Miami,696,Regular
1AF29CA0-FBF2-48B6-9D0B-88FF331FADC1,2019-09-05T06:09:07.3991678+01:00,Kahului,453,Regular
71B3B20F-0BD1-4C1D-BA33-3264D904581C,2019-09-05T06:19:07.3991678+01:00,San Francisco,415,Regular
1AF29CA0-FBF2-48B6-9D0B-88FF331FADC1,2019-09-05T06:29:07.3991678+01:00,Kahului,381,Regular
1AF29CA0-FBF2-48B6-9D0B-88FF331FADC1,2019-09-05T06:39:07.3991678+01:00,Kahului,292,Regular
FC6018B3-B934-4FFF-B6A9-904C4B3082C7,2019-09-05T06:49:07.3991678+01:00,Seattle,565,Regular
71B3B20F-0BD1-4C1D-BA33-3264D904581C,2019-09-05T06:59:07.3991678+01:00,San Francisco,35,Regular
039AA17C-2C5C-4A4F-B019-D416D0E4F5E6,2019-09-05T07:09:07.3991678+01:00,Miami,9,Regular
1AF29CA0-FBF2-48B6-9D0B-88FF331FADC1,2019-09-05T07:19:07.3991678+01:00,Kahului,665,Regular
71B3B20F-0BD1-4C1D-BA33-3264D904581C,2019-09-05T07:29:07.3991678+01:00,San Francisco,19,Regular
71B3B20F-0BD1-4C1D-BA33-3264D904581C,2019-09-05T07:29:09.3991678+01:00,Seattle,954,Suspect
71B3B20F-0BD1-4C1D-BA33-3264D904581C,2019-09-05T07:39:07.3991678+01:00,San Francisco,244,Regular
B3B19755-C6E5-4E4A-B423-1B31DCCEB137,2019-09-05T07:49:07.3991678+01:00,New York,719,Regular
FC6018B3-B934-4FFF-B6A9-904C4B3082C7,2019-09-05T07:59:07.3991678+01:00,Seattle,391,Regular
039AA17C-2C5C-4A4F-B019-D416D0E4F5E6,2019-09-05T08:09:07.3991678+01:00,Miami,585,Regular
FC6018B3-B934-4FFF-B6A9-904C4B3082C7,2019-09-05T08:19:07.3991678+01:00,Seattle,58,Regular
B3B19755-C6E5-4E4A-B423-1B31DCCEB137,2019-09-05T08:29:07.3991678+01:00,New York,228,Regular
039AA17C-2C5C-4A4F-B019-D416D0E4F5E6,2019-09-05T08:39:07.3991678+01:00,Miami,136,Regular
1AF29CA0-FBF2-48B6-9D0B-88FF331FADC1,2019-09-05T08:49:07.3991678+01:00,Kahului,120,Regular
1AF29CA0-FBF2-48B6-9D0B-88FF331FADC1,2019-09-05T08:49:09.3991678+01:00,Seattle,688,Suspect
FC6018B3-B934-4FFF-B6A9-904C4B3082C7,2019-09-05T08:59:07.3991678+01:00,Seattle,787,Regular
039AA17C-2C5C-4A4F-B019-D416D0E4F5E6,2019-09-05T09:09:07.3991678+01:00,Miami,397,Regular
B3B19755-C6E5-4E4A-B423-1B31DCCEB137,2019-09-05T09:19:07.3991678+01:00,New York,74,Regular
71B3B20F-0BD1-4C1D-BA33-3264D904581C,2019-09-05T09:29:07.3991678+01:00,San Francisco,780,Regular
B3B19755-C6E5-4E4A-B423-1B31DCCEB137,2019-09-05T09:39:07.3991678+01:00,New York,437,Regular
71B3B20F-0BD1-4C1D-BA33-3264D904581C,2019-09-05T09:49:07.3991678+01:00,San Francisco,152,Regular
71B3B20F-0BD1-4C1D-BA33-3264D904581C,2019-09-05T09:59:07.3991678+01:00,San Francisco,910,Regular
FC6018B3-B934-4FFF-B6A9-904C4B3082C7,2019-09-05T10:09:07.3991678+01:00,Seattle,105,Regular
FC6018B3-B934-4FFF-B6A9-904C4B3082C7,2019-09-05T10:19:07.3991678+01:00,Seattle,59,Regular
FC6018B3-B934-4FFF-B6A9-904C4B3082C7,2019-09-05T10:29:07.3991678+01:00,Seattle,513,Regular
71B3B20F-0BD1-4C1D-BA33-3264D904581C,2019-09-05T10:39:07.3991678+01:00,San Francisco,365,Regular
039AA17C-2C5C-4A4F-B019-D416D0E4F5E6,2019-09-05T10:49:07.3991678+01:00,Miami,671,Regular
FC6018B3-B934-4FFF-B6A9-904C4B3082C7,2019-09-05T10:59:07.3991678+01:00,Seattle,293,Regular
FC6018B3-B934-4FFF-B6A9-904C4B3082C7,2019-09-05T11:09:07.3991678+01:00,Seattle,970,Regular
B3B19755-C6E5-4E4A-B423-1B31DCCEB137,2019-09-05T11:19:07.3991678+01:00,New York,653,Regular
B3B19755-C6E5-4E4A-B423-1B31DCCEB137,2019-09-05T11:29:07.3991678+01:00,New York,382,Regular
1AF29CA0-FBF2-48B6-9D0B-88FF331FADC1,2019-09-05T11:39:07.3991678+01:00,Kahului,479,Regular
039AA17C-2C5C-4A4F-B019-D416D0E4F5E6,2019-09-05T11:49:07.3991678+01:00,Miami,812,Regular
1AF29CA0-FBF2-48B6-9D0B-88FF331FADC1,2019-09-05T11:59:07.3991678+01:00,Kahului,226,Regular
1AF29CA0-FBF2-48B6-9D0B-88FF331FADC1,2019-09-05T12:09:07.3991678+01:00,Kahului,795,Regular
71B3B20F-0BD1-4C1D-BA33-3264D904581C,2019-09-05T12:19:07.3991678+01:00,San Francisco,308,Regular
B3B19755-C6E5-4E4A-B423-1B31DCCEB137,2019-09-05T12:29:07.3991678+01:00,New York,783,Regular
B3B19755-C6E5-4E4A-B423-1B31DCCEB137,2019-09-05T12:39:07.3991678+01:00,New York,933,Regular
1AF29CA0-FBF2-48B6-9D0B-88FF331FADC1,2019-09-05T12:49:07.3991678+01:00,Kahului,879,Regular
039AA17C-2C5C-4A4F-B019-D416D0E4F5E6,2019-09-05T12:59:07.3991678+01:00,Miami,345,Regular
039AA17C-2C5C-4A4F-B019-D416D0E4F5E6,2019-09-05T13:09:07.3991678+01:00,Miami,537,Regular
B3B19755-C6E5-4E4A-B423-1B31DCCEB137,2019-09-05T13:19:07.3991678+01:00,New York,978,Regular
1AF29CA0-FBF2-48B6-9D0B-88FF331FADC1,2019-09-05T13:29:07.3991678+01:00,Kahului,11,Regular
FC6018B3-B934-4FFF-B6A9-904C4B3082C7,2019-09-05T13:39:07.3991678+01:00,Seattle,355,Regular
B3B19755-C6E5-4E4A-B423-1B31DCCEB137,2019-09-05T13:49:07.3991678+01:00,New York,653,Regular
B3B19755-C6E5-4E4A-B423-1B31DCCEB137,2019-09-05T13:59:07.3991678+01:00,New York,556,Regular
B3B19755-C6E5-4E4A-B423-1B31DCCEB137,2019-09-05T14:09:07.3991678+01:00,New York,421,Regular
1AF29CA0-FBF2-48B6-9D0B-88FF331FADC1,2019-09-05T14:19:07.3991678+01:00,Kahului,560,Regular
039AA17C-2C5C-4A4F-B019-D416D0E4F5E6,2019-09-05T14:29:07.3991678+01:00,Miami,320,Regular
039AA17C-2C5C-4A4F-B019-D416D0E4F5E6,2019-09-05T14:29:09.3991678+01:00,New York,922,Suspect
1AF29CA0-FBF2-48B6-9D0B-88FF331FADC1,2019-09-05T14:39:07.3991678+01:00,Kahului,3,Regular
B3B19755-C6E5-4E4A-B423-1B31DCCEB137,2019-09-05T14:49:07.3991678+01:00,New York,837,Regular
B3B19755-C6E5-4E4A-B423-1B31DCCEB137,2019-09-05T14:59:07.3991678+01:00,New York,232,Regular
71B3B20F-0BD1-4C1D-BA33-3264D904581C,2019-09-05T15:09:07.3991678+01:00,San Francisco,661,Regular
71B3B20F-0BD1-4C1D-BA33-3264D904581C,2019-09-05T15:19:07.3991678+01:00,San Francisco,527,Regular
1AF29CA0-FBF2-48B6-9D0B-88FF331FADC1,2019-09-05T15:29:07.3991678+01:00,Kahului,864,Regular
71B3B20F-0BD1-4C1D-BA33-3264D904581C,2019-09-05T15:39:07.3991678+01:00,San Francisco,322,Regular
1AF29CA0-FBF2-48B6-9D0B-88FF331FADC1,2019-09-05T15:49:07.3991678+01:00,Kahului,362,Regular
B3B19755-C6E5-4E4A-B423-1B31DCCEB137,2019-09-05T15:59:07.3991678+01:00,New York,277,Regular
B3B19755-C6E5-4E4A-B423-1B31DCCEB137,2019-09-05T16:09:07.3991678+01:00,New York,582,Regular
1AF29CA0-FBF2-48B6-9D0B-88FF331FADC1,2019-09-05T16:19:07.3991678+01:00,Kahului,228,Regular
B3B19755-C6E5-4E4A-B423-1B31DCCEB137,2019-09-05T16:29:07.3991678+01:00,New York,434,Regular
71B3B20F-0BD1-4C1D-BA33-3264D904581C,2019-09-05T16:39:07.3991678+01:00,San Francisco,85,Regular
71B3B20F-0BD1-4C1D-BA33-3264D904581C,2019-09-05T16:49:07.3991678+01:00,San Francisco,756,Regular
71B3B20F-0BD1-4C1D-BA33-3264D904581C,2019-09-05T16:59:07.3991678+01:00,San Francisco,680,Regular
FC6018B3-B934-4FFF-B6A9-904C4B3082C7,2019-09-05T17:09:07.3991678+01:00,Seattle,365,Regular
B3B19755-C6E5-4E4A-B423-1B31DCCEB137,2019-09-05T17:19:07.3991678+01:00,New York,441,Regular
FC6018B3-B934-4FFF-B6A9-904C4B3082C7,2019-09-05T17:29:07.3991678+01:00,Seattle,170,Regular
1AF29CA0-FBF2-48B6-9D0B-88FF331FADC1,2019-09-05T17:39:07.3991678+01:00,Kahului,277,Regular
1AF29CA0-FBF2-48B6-9D0B-88FF331FADC1,2019-09-05T17:49:07.3991678+01:00,Kahului,543,Regular
1AF29CA0-FBF2-48B6-9D0B-88FF331FADC1,2019-09-05T17:49:09.3991678+01:00,New York,927,Suspect
1AF29CA0-FBF2-48B6-9D0B-88FF331FADC1,2019-09-05T17:59:07.3991678+01:00,Kahului,625,Regular
FC6018B3-B934-4FFF-B6A9-904C4B3082C7,2019-09-05T18:09:07.3991678+01:00,Seattle,813,Regular
039AA17C-2C5C-4A4F-B019-D416D0E4F5E6,2019-09-05T18:19:07.3991678+01:00,Miami,399,Regular
B3B19755-C6E5-4E4A-B423-1B31DCCEB137,2019-09-05T18:29:07.3991678+01:00,New York,60,Regular
FC6018B3-B934-4FFF-B6A9-904C4B3082C7,2019-09-05T18:39:07.3991678+01:00,Seattle,435,Regular
FC6018B3-B934-4FFF-B6A9-904C4B3082C7,2019-09-05T18:49:07.3991678+01:00,Seattle,381,Regular
1AF29CA0-FBF2-48B6-9D0B-88FF331FADC1,2019-09-05T18:59:07.3991678+01:00,Kahului,67,Regular
FC6018B3-B934-4FFF-B6A9-904C4B3082C7,2019-09-05T19:09:07.3991678+01:00,Seattle,459,Regular
1AF29CA0-FBF2-48B6-9D0B-88FF331FADC1,2019-09-05T19:19:07.3991678+01:00,Kahului,816,Regular
B3B19755-C6E5-4E4A-B423-1B31DCCEB137,2019-09-05T19:29:07.3991678+01:00,New York,725,Regular
1AF29CA0-FBF2-48B6-9D0B-88FF331FADC1,2019-09-05T19:39:07.3991678+01:00,Kahului,740,Regular
71B3B20F-0BD1-4C1D-BA33-3264D904581C,2019-09-05T19:49:07.3991678+01:00,San Francisco,599,Regular
71B3B20F-0BD1-4C1D-BA33-3264D904581C,2019-09-05T19:49:09.3991678+01:00,Kahului,522,Suspect
1AF29CA0-FBF2-48B6-9D0B-88FF331FADC1,2019-09-05T19:59:07.3991678+01:00,Kahului,432,Regular
71B3B20F-0BD1-4C1D-BA33-3264D904581C,2019-09-05T20:09:07.3991678+01:00,San Francisco,844,Regular
71B3B20F-0BD1-4C1D-BA33-3264D904581C,2019-09-05T20:19:07.3991678+01:00,San Francisco,82,Regular
FC6018B3-B934-4FFF-B6A9-904C4B3082C7,2019-09-05T20:29:07.3991678+01:00,Seattle,267,Regular
039AA17C-2C5C-4A4F-B019-D416D0E4F5E6,2019-09-05T20:39:07.3991678+01:00,Miami,809,Regular
1AF29CA0-FBF2-48B6-9D0B-88FF331FADC1,2019-09-05T20:49:07.3991678+01:00,Kahului,530,Regular
B3B19755-C6E5-4E4A-B423-1B31DCCEB137,2019-09-05T20:59:07.3991678+01:00,New York,460,Regular
71B3B20F-0BD1-4C1D-BA33-3264D904581C,2019-09-05T21:09:07.3991678+01:00,San Francisco,533,Regular
039AA17C-2C5C-4A4F-B019-D416D0E4F5E6,2019-09-05T21:19:07.3991678+01:00,Miami,802,Regular
71B3B20F-0BD1-4C1D-BA33-3264D904581C,2019-09-05T21:29:07.3991678+01:00,San Francisco,823,Regular
B3B19755-C6E5-4E4A-B423-1B31DCCEB137,2019-09-05T21:39:07.3991678+01:00,New York,320,Regular
FC6018B3-B934-4FFF-B6A9-904C4B3082C7,2019-09-05T21:49:07.3991678+01:00,Seattle,356,Regular
B3B19755-C6E5-4E4A-B423-1B31DCCEB137,2019-09-05T21:59:07.3991678+01:00,New York,786,Regular
71B3B20F-0BD1-4C1D-BA33-3264D904581C,2019-09-05T22:09:07.3991678+01:00,San Francisco,799,Regular
039AA17C-2C5C-4A4F-B019-D416D0E4F5E6,2019-09-05T22:19:07.3991678+01:00,Miami,872,Regular
039AA17C-2C5C-4A4F-B019-D416D0E4F5E6,2019-09-05T22:29:07.3991678+01:00,Miami,139,Regular
1AF29CA0-FBF2-48B6-9D0B-88FF331FADC1,2019-09-05T22:39:07.3991678+01:00,Kahului,404,Regular
B3B19755-C6E5-4E4A-B423-1B31DCCEB137,2019-09-05T22:49:07.3991678+01:00,New York,524,Regular
FC6018B3-B934-4FFF-B6A9-904C4B3082C7,2019-09-05T22:59:07.3991678+01:00,Seattle,380,Regular
039AA17C-2C5C-4A4F-B019-D416D0E4F5E6,2019-09-05T23:09:07.3991678+01:00,Miami,722,Regular
FC6018B3-B934-4FFF-B6A9-904C4B3082C7,2019-09-05T23:19:07.3991678+01:00,Seattle,579,Regular
71B3B20F-0BD1-4C1D-BA33-3264D904581C,2019-09-05T23:29:07.3991678+01:00,San Francisco,693,Regular
039AA17C-2C5C-4A4F-B019-D416D0E4F5E6,2019-09-05T23:39:07.3991678+01:00,Miami,944,Regular
B3B19755-C6E5-4E4A-B423-1B31DCCEB137,2019-09-05T23:49:07.3991678+01:00,New York,170,Regular
1AF29CA0-FBF2-48B6-9D0B-88FF331FADC1,2019-09-05T23:59:07.3991678+01:00,Kahului,84,Regular
1AF29CA0-FBF2-48B6-9D0B-88FF331FADC1,2019-09-06T00:09:07.3991678+01:00,Kahului,217,Regular
1AF29CA0-FBF2-48B6-9D0B-88FF331FADC1,2019-09-06T00:19:07.3991678+01:00,Kahului,907,Regular
1AF29CA0-FBF2-48B6-9D0B-88FF331FADC1,2019-09-06T00:19:09.3991678+01:00,New York,228,Suspect
B3B19755-C6E5-4E4A-B423-1B31DCCEB137,2019-09-06T00:29:07.3991678+01:00,New York,745,Regular
B3B19755-C6E5-4E4A-B423-1B31DCCEB137,2019-09-06T00:29:09.3991678+01:00,Kahului,99,Suspect
B3B19755-C6E5-4E4A-B423-1B31DCCEB137,2019-09-06T00:39:07.3991678+01:00,New York,582,Regular
71B3B20F-0BD1-4C1D-BA33-3264D904581C,2019-09-06T00:49:07.3991678+01:00,San Francisco,255,Regular
039AA17C-2C5C-4A4F-B019-D416D0E4F5E6,2019-09-06T00:59:07.3991678+01:00,Miami,717,Regular
71B3B20F-0BD1-4C1D-BA33-3264D904581C,2019-09-06T01:09:07.3991678+01:00,San Francisco,944,Regular
039AA17C-2C5C-4A4F-B019-D416D0E4F5E6,2019-09-06T01:19:07.3991678+01:00,Miami,280,Regular
039AA17C-2C5C-4A4F-B019-D416D0E4F5E6,2019-09-06T01:29:07.3991678+01:00,Miami,770,Regular
039AA17C-2C5C-4A4F-B019-D416D0E4F5E6,2019-09-06T01:39:07.3991678+01:00,Miami,402,Regular
039AA17C-2C5C-4A4F-B019-D416D0E4F5E6,2019-09-06T01:49:07.3991678+01:00,Miami,238,Regular
71B3B20F-0BD1-4C1D-BA33-3264D904581C,2019-09-06T01:59:07.3991678+01:00,San Francisco,379,Regular
1AF29CA0-FBF2-48B6-9D0B-88FF331FADC1,2019-09-06T02:09:07.3991678+01:00,Kahului,840,Regular
B3B19755-C6E5-4E4A-B423-1B31DCCEB137,2019-09-06T02:19:07.3991678+01:00,New York,151,Regular
1AF29CA0-FBF2-48B6-9D0B-88FF331FADC1,2019-09-06T02:29:07.3991678+01:00,Kahului,476,Regular
B3B19755-C6E5-4E4A-B423-1B31DCCEB137,2019-09-06T02:39:07.3991678+01:00,New York,680,Regular
039AA17C-2C5C-4A4F-B019-D416D0E4F5E6,2019-09-06T02:49:07.3991678+01:00,Miami,440,Regular
1AF29CA0-FBF2-48B6-9D0B-88FF331FADC1,2019-09-06T02:59:07.3991678+01:00,Kahului,481,Regular
FC6018B3-B934-4FFF-B6A9-904C4B3082C7,2019-09-06T03:09:07.3991678+01:00,Seattle,470,Regular
71B3B20F-0BD1-4C1D-BA33-3264D904581C,2019-09-06T03:19:07.3991678+01:00,San Francisco,185,Regular
71B3B20F-0BD1-4C1D-BA33-3264D904581C,2019-09-06T03:29:07.3991678+01:00,San Francisco,357,Regular
1AF29CA0-FBF2-48B6-9D0B-88FF331FADC1,2019-09-06T03:39:07.3991678+01:00,Kahului,813,Regular
71B3B20F-0BD1-4C1D-BA33-3264D904581C,2019-09-06T03:49:07.3991678+01:00,San Francisco,249,Regular
039AA17C-2C5C-4A4F-B019-D416D0E4F5E6,2019-09-06T03:59:07.3991678+01:00,Miami,868,Regular
039AA17C-2C5C-4A4F-B019-D416D0E4F5E6,2019-09-06T04:09:07.3991678+01:00,Miami,232,Regular
1AF29CA0-FBF2-48B6-9D0B-88FF331FADC1,2019-09-06T04:19:07.3991678+01:00,Kahului,667,Regular
039AA17C-2C5C-4A4F-B019-D416D0E4F5E6,2019-09-06T04:29:07.3991678+01:00,Miami,315,Regular
FC6018B3-B934-4FFF-B6A9-904C4B3082C7,2019-09-06T04:39:07.3991678+01:00,Seattle,298,Regular
039AA17C-2C5C-4A4F-B019-D416D0E4F5E6,2019-09-06T04:49:07.3991678+01:00,Miami,212,Regular
1AF29CA0-FBF2-48B6-9D0B-88FF331FADC1,2019-09-06T04:59:07.3991678+01:00,Kahului,876,Regular
039AA17C-2C5C-4A4F-B019-D416D0E4F5E6,2019-09-06T05:09:07.3991678+01:00,Miami,48,Regular
1AF29CA0-FBF2-48B6-9D0B-88FF331FADC1,2019-09-06T05:19:07.3991678+01:00,Kahului,81,Regular
1AF29CA0-FBF2-48B6-9D0B-88FF331FADC1,2019-09-06T05:29:07.3991678+01:00,Kahului,3,Regular
1AF29CA0-FBF2-48B6-9D0B-88FF331FADC1,2019-09-06T05:29:09.3991678+01:00,San Francisco,66,Suspect
B3B19755-C6E5-4E4A-B423-1B31DCCEB137,2019-09-06T05:39:07.3991678+01:00,New York,836,Regular
B3B19755-C6E5-4E4A-B423-1B31DCCEB137,2019-09-06T05:49:07.3991678+01:00,New York,195,Regular
71B3B20F-0BD1-4C1D-BA33-3264D904581C,2019-09-06T05:59:07.3991678+01:00,San Francisco,671,Regular
039AA17C-2C5C-4A4F-B019-D416D0E4F5E6,2019-09-06T06:09:07.3991678+01:00,Miami,964,Regular
039AA17C-2C5C-4A4F-B019-D416D0E4F5E6,2019-09-06T06:19:07.3991678+01:00,Miami,945,Regular
FC6018B3-B934-4FFF-B6A9-904C4B3082C7,2019-09-06T06:29:07.3991678+01:00,Seattle,311,Regular
1AF29CA0-FBF2-48B6-9D0B-88FF331FADC1,2019-09-06T06:39:07.3991678+01:00,Kahului,556,Regular
71B3B20F-0BD1-4C1D-BA33-3264D904581C,2019-09-06T06:49:07.3991678+01:00,San Francisco,895,Regular
039AA17C-2C5C-4A4F-B019-D416D0E4F5E6,2019-09-06T06:59:07.3991678+01:00,Miami,483,Regular
FC6018B3-B934-4FFF-B6A9-904C4B3082C7,2019-09-06T07:09:07.3991678+01:00,Seattle,264,Regular
FC6018B3-B934-4FFF-B6A9-904C4B3082C7,2019-09-06T07:09:09.3991678+01:00,Kahului,141,Suspect
FC6018B3-B934-4FFF-B6A9-904C4B3082C7,2019-09-06T07:19:07.3991678+01:00,Seattle,659,Regular
039AA17C-2C5C-4A4F-B019-D416D0E4F5E6,2019-09-06T07:29:07.3991678+01:00,Miami,391,Regular
B3B19755-C6E5-4E4A-B423-1B31DCCEB137,2019-09-06T07:39:07.3991678+01:00,New York,507,Regular
B3B19755-C6E5-4E4A-B423-1B31DCCEB137,2019-09-06T07:39:09.3991678+01:00,Miami,206,Suspect
FC6018B3-B934-4FFF-B6A9-904C4B3082C7,2019-09-06T07:49:07.3991678+01:00,Seattle,84,Regular
1AF29CA0-FBF2-48B6-9D0B-88FF331FADC1,2019-09-06T07:59:07.3991678+01:00,Kahului,135,Regular
1AF29CA0-FBF2-48B6-9D0B-88FF331FADC1,2019-09-06T08:09:07.3991678+01:00,Kahului,692,Regular
FC6018B3-B934-4FFF-B6A9-904C4B3082C7,2019-09-06T08:19:07.3991678+01:00,Seattle,510,Regular
FC6018B3-B934-4FFF-B6A9-904C4B3082C7,2019-09-06T08:29:07.3991678+01:00,Seattle,940,Regular
1AF29CA0-FBF2-48B6-9D0B-88FF331FADC1,2019-09-06T08:39:07.3991678+01:00,Kahului,712,Regular
FC6018B3-B934-4FFF-B6A9-904C4B3082C7,2019-09-06T08:49:07.3991678+01:00,Seattle,408,Regular
FC6018B3-B934-4FFF-B6A9-904C4B3082C7,2019-09-06T08:59:07.3991678+01:00,Seattle,866,Regular
1AF29CA0-FBF2-48B6-9D0B-88FF331FADC1,2019-09-06T09:09:07.3991678+01:00,Kahului,106,Regular
B3B19755-C6E5-4E4A-B423-1B31DCCEB137,2019-09-06T09:19:07.3991678+01:00,New York,902,Regular
B3B19755-C6E5-4E4A-B423-1B31DCCEB137,2019-09-06T09:29:07.3991678+01:00,New York,564,Regular
FC6018B3-B934-4FFF-B6A9-904C4B3082C7,2019-09-06T09:39:07.3991678+01:00,Seattle,905,Regular
1AF29CA0-FBF2-48B6-9D0B-88FF331FADC1,2019-09-06T09:49:07.3991678+01:00,Kahului,355,Regular
FC6018B3-B934-4FFF-B6A9-904C4B3082C7,2019-09-06T09:59:07.3991678+01:00,Seattle,992,Regular
039AA17C-2C5C-4A4F-B019-D416D0E4F5E6,2019-09-06T10:09:07.3991678+01:00,Miami,445,Regular
1AF29CA0-FBF2-48B6-9D0B-88FF331FADC1,2019-09-06T10:19:07.3991678+01:00,Kahului,726,Regular
B3B19755-C6E5-4E4A-B423-1B31DCCEB137,2019-09-06T10:29:07.3991678+01:00,New York,825,Regular
71B3B20F-0BD1-4C1D-BA33-3264D904581C,2019-09-06T10:39:07.3991678+01:00,San Francisco,688,Regular
1AF29CA0-FBF2-48B6-9D0B-88FF331FADC1,2019-09-06T10:49:07.3991678+01:00,Kahului,710,Regular
71B3B20F-0BD1-4C1D-BA33-3264D904581C,2019-09-06T10:59:07.3991678+01:00,San Francisco,640,Regular
FC6018B3-B934-4FFF-B6A9-904C4B3082C7,2019-09-06T11:09:07.3991678+01:00,Seattle,928,Regular
1AF29CA0-FBF2-48B6-9D0B-88FF331FADC1,2019-09-06T11:19:07.3991678+01:00,Kahului,571,Regular
039AA17C-2C5C-4A4F-B019-D416D0E4F5E6,2019-09-06T11:29:07.3991678+01:00,Miami,254,Regular
FC6018B3-B934-4FFF-B6A9-904C4B3082C7,2019-09-06T11:39:07.3991678+01:00,Seattle,145,Regular
FC6018B3-B934-4FFF-B6A9-904C4B3082C7,2019-09-06T11:39:09.3991678+01:00,San Francisco,83,Suspect
FC6018B3-B934-4FFF-B6A9-904C4B3082C7,2019-09-06T11:49:07.3991678+01:00,Seattle,166,Regular
71B3B20F-0BD1-4C1D-BA33-3264D904581C,2019-09-06T11:59:07.3991678+01:00,San Francisco,882,Regular
039AA17C-2C5C-4A4F-B019-D416D0E4F5E6,2019-09-06T12:09:07.3991678+01:00,Miami,76,Regular
1AF29CA0-FBF2-48B6-9D0B-88FF331FADC1,2019-09-06T12:19:07.3991678+01:00,Kahului,280,Regular
1AF29CA0-FBF2-48B6-9D0B-88FF331FADC1,2019-09-06T12:29:07.3991678+01:00,Kahului,370,Regular
039AA17C-2C5C-4A4F-B019-D416D0E4F5E6,2019-09-06T12:39:07.3991678+01:00,Miami,520,Regular
71B3B20F-0BD1-4C1D-BA33-3264D904581C,2019-09-06T12:49:07.3991678+01:00,San Francisco,986,Regular
FC6018B3-B934-4FFF-B6A9-904C4B3082C7,2019-09-06T12:59:07.3991678+01:00,Seattle,183,Regular
1AF29CA0-FBF2-48B6-9D0B-88FF331FADC1,2019-09-06T13:09:07.3991678+01:00,Kahului,793,Regular
1AF29CA0-FBF2-48B6-9D0B-88FF331FADC1,2019-09-06T13:19:07.3991678+01:00,Kahului,486,Regular
1AF29CA0-FBF2-48B6-9D0B-88FF331FADC1,2019-09-06T13:29:07.3991678+01:00,Kahului,946,Regular
71B3B20F-0BD1-4C1D-BA33-3264D904581C,2019-09-06T13:39:07.3991678+01:00,San Francisco,382,Regular
039AA17C-2C5C-4A4F-B019-D416D0E4F5E6,2019-09-06T13:49:07.3991678+01:00,Miami,794,Regular
71B3B20F-0BD1-4C1D-BA33-3264D904581C,2019-09-06T13:59:07.3991678+01:00,San Francisco,650,Regular
FC6018B3-B934-4FFF-B6A9-904C4B3082C7,2019-09-06T14:09:07.3991678+01:00,Seattle,712,Regular
FC6018B3-B934-4FFF-B6A9-904C4B3082C7,2019-09-06T14:19:07.3991678+01:00,Seattle,70,Regular
B3B19755-C6E5-4E4A-B423-1B31DCCEB137,2019-09-06T14:29:07.3991678+01:00,New York,840,Regular
B3B19755-C6E5-4E4A-B423-1B31DCCEB137,2019-09-06T14:39:07.3991678+01:00,New York,643,Regular
FC6018B3-B934-4FFF-B6A9-904C4B3082C7,2019-09-06T14:49:07.3991678+01:00,Seattle,352,Regular
039AA17C-2C5C-4A4F-B019-D416D0E4F5E6,2019-09-06T14:59:07.3991678+01:00,Miami,549,Regular
FC6018B3-B934-4FFF-B6A9-904C4B3082C7,2019-09-06T15:09:07.3991678+01:00,Seattle,906,Regular
B3B19755-C6E5-4E4A-B423-1B31DCCEB137,2019-09-06T15:19:07.3991678+01:00,New York,397,Regular
71B3B20F-0BD1-4C1D-BA33-3264D904581C,2019-09-06T15:29:07.3991678+01:00,San Francisco,228,Regular
039AA17C-2C5C-4A4F-B019-D416D0E4F5E6,2019-09-06T15:39:07.3991678+01:00,Miami,687,Regular
1AF29CA0-FBF2-48B6-9D0B-88FF331FADC1,2019-09-06T15:49:07.3991678+01:00,Kahului,960,Regular
71B3B20F-0BD1-4C1D-BA33-3264D904581C,2019-09-06T15:59:07.3991678+01:00,San Francisco,835,Regular
B3B19755-C6E5-4E4A-B423-1B31DCCEB137,2019-09-06T16:09:07.3991678+01:00,New York,975,Regular
1AF29CA0-FBF2-48B6-9D0B-88FF331FADC1,2019-09-06T16:19:07.3991678+01:00,Kahului,111,Regular
1AF29CA0-FBF2-48B6-9D0B-88FF331FADC1,2019-09-06T16:29:07.3991678+01:00,Kahului,809,Regular
71B3B20F-0BD1-4C1D-BA33-3264D904581C,2019-09-06T16:39:07.3991678+01:00,San Francisco,735,Regular
FC6018B3-B934-4FFF-B6A9-904C4B3082C7,2019-09-06T16:49:07.3991678+01:00,Seattle,906,Regular
71B3B20F-0BD1-4C1D-BA33-3264D904581C,2019-09-06T16:59:07.3991678+01:00,San Francisco,577,Regular
1AF29CA0-FBF2-48B6-9D0B-88FF331FADC1,2019-09-06T17:09:07.3991678+01:00,Kahului,154,Regular
71B3B20F-0BD1-4C1D-BA33-3264D904581C,2019-09-06T17:19:07.3991678+01:00,San Francisco,549,Regular
039AA17C-2C5C-4A4F-B019-D416D0E4F5E6,2019-09-06T17:29:07.3991678+01:00,Miami,274,Regular
FC6018B3-B934-4FFF-B6A9-904C4B3082C7,2019-09-06T17:39:07.3991678+01:00,Seattle,877,Regular
1AF29CA0-FBF2-48B6-9D0B-88FF331FADC1,2019-09-06T17:49:07.3991678+01:00,Kahului,847,Regular
B3B19755-C6E5-4E4A-B423-1B31DCCEB137,2019-09-06T17:59:07.3991678+01:00,New York,200,Regular
B3B19755-C6E5-4E4A-B423-1B31DCCEB137,2019-09-06T18:09:07.3991678+01:00,New York,986,Regular
1AF29CA0-FBF2-48B6-9D0B-88FF331FADC1,2019-09-06T18:19:07.3991678+01:00,Kahului,939,Regular
B3B19755-C6E5-4E4A-B423-1B31DCCEB137,2019-09-06T18:29:07.3991678+01:00,New York,120,Regular
B3B19755-C6E5-4E4A-B423-1B31DCCEB137,2019-09-06T18:29:09.3991678+01:00,Miami,267,Suspect
1AF29CA0-FBF2-48B6-9D0B-88FF331FADC1,2019-09-06T18:39:07.3991678+01:00,Kahului,800,Regular
71B3B20F-0BD1-4C1D-BA33-3264D904581C,2019-09-06T18:49:07.3991678+01:00,San Francisco,593,Regular
1AF29CA0-FBF2-48B6-9D0B-88FF331FADC1,2019-09-06T18:59:07.3991678+01:00,Kahului,538,Regular
B3B19755-C6E5-4E4A-B423-1B31DCCEB137,2019-09-06T19:09:07.3991678+01:00,New York,657,Regular
039AA17C-2C5C-4A4F-B019-D416D0E4F5E6,2019-09-06T19:19:07.3991678+01:00,Miami,368,Regular
039AA17C-2C5C-4A4F-B019-D416D0E4F5E6,2019-09-06T19:29:07.3991678+01:00,Miami,468,Regular
039AA17C-2C5C-4A4F-B019-D416D0E4F5E6,2019-09-06T19:39:07.3991678+01:00,Miami,308,Regular
1AF29CA0-FBF2-48B6-9D0B-88FF331FADC1,2019-09-06T19:49:07.3991678+01:00,Kahului,828,Regular
B3B19755-C6E5-4E4A-B423-1B31DCCEB137,2019-09-06T19:59:07.3991678+01:00,New York,526,Regular
71B3B20F-0BD1-4C1D-BA33-3264D904581C,2019-09-06T20:09:07.3991678+01:00,San Francisco,835,Regular
B3B19755-C6E5-4E4A-B423-1B31DCCEB137,2019-09-06T20:19:07.3991678+01:00,New York,576,Regular
FC6018B3-B934-4FFF-B6A9-904C4B3082C7,2019-09-06T20:29:07.3991678+01:00,Seattle,287,Regular
FC6018B3-B934-4FFF-B6A9-904C4B3082C7,2019-09-06T20:39:07.3991678+01:00,Seattle,170,Regular
71B3B20F-0BD1-4C1D-BA33-3264D904581C,2019-09-06T20:49:07.3991678+01:00,San Francisco,357,Regular
1AF29CA0-FBF2-48B6-9D0B-88FF331FADC1,2019-09-06T20:59:07.3991678+01:00,Kahului,483,Regular
71B3B20F-0BD1-4C1D-BA33-3264D904581C,2019-09-06T21:09:07.3991678+01:00,San Francisco,453,Regular
B3B19755-C6E5-4E4A-B423-1B31DCCEB137,2019-09-06T21:19:07.3991678+01:00,New York,407,Regular
1AF29CA0-FBF2-48B6-9D0B-88FF331FADC1,2019-09-06T21:29:07.3991678+01:00,Kahului,443,Regular
039AA17C-2C5C-4A4F-B019-D416D0E4F5E6,2019-09-06T21:39:07.3991678+01:00,Miami,806,Regular
039AA17C-2C5C-4A4F-B019-D416D0E4F5E6,2019-09-06T21:49:07.3991678+01:00,Miami,642,Regular
FC6018B3-B934-4FFF-B6A9-904C4B3082C7,2019-09-06T21:59:07.3991678+01:00,Seattle,429,Regular
1AF29CA0-FBF2-48B6-9D0B-88FF331FADC1,2019-09-06T22:09:07.3991678+01:00,Kahului,532,Regular
FC6018B3-B934-4FFF-B6A9-904C4B3082C7,2019-09-06T22:19:07.3991678+01:00,Seattle,121,Regular
FC6018B3-B934-4FFF-B6A9-904C4B3082C7,2019-09-06T22:29:07.3991678+01:00,Seattle,323,Regular
71B3B20F-0BD1-4C1D-BA33-3264D904581C,2019-09-06T22:39:07.3991678+01:00,San Francisco,680,Regular
039AA17C-2C5C-4A4F-B019-D416D0E4F5E6,2019-09-06T22:49:07.3991678+01:00,Miami,527,Regular
039AA17C-2C5C-4A4F-B019-D416D0E4F5E6,2019-09-06T22:49:09.3991678+01:00,San Francisco,261,Suspect
039AA17C-2C5C-4A4F-B019-D416D0E4F5E6,2019-09-06T22:59:07.3991678+01:00,Miami,642,Regular
FC6018B3-B934-4FFF-B6A9-904C4B3082C7,2019-09-06T23:09:07.3991678+01:00,Seattle,776,Regular
1AF29CA0-FBF2-48B6-9D0B-88FF331FADC1,2019-09-06T23:19:07.3991678+01:00,Kahului,48,Regular
71B3B20F-0BD1-4C1D-BA33-3264D904581C,2019-09-06T23:29:07.3991678+01:00,San Francisco,106,Regular
B3B19755-C6E5-4E4A-B423-1B31DCCEB137,2019-09-06T23:39:07.3991678+01:00,New York,188,Regular
71B3B20F-0BD1-4C1D-BA33-3264D904581C,2019-09-06T23:49:07.3991678+01:00,San Francisco,957,Regular
FC6018B3-B934-4FFF-B6A9-904C4B3082C7,2019-09-06T23:59:07.3991678+01:00,Seattle,249,Regular
FC6018B3-B934-4FFF-B6A9-904C4B3082C7,2019-09-07T00:09:07.3991678+01:00,Seattle,491,Regular
039AA17C-2C5C-4A4F-B019-D416D0E4F5E6,2019-09-07T00:19:07.3991678+01:00,Miami,354,Regular
039AA17C-2C5C-4A4F-B019-D416D0E4F5E6,2019-09-07T00:29:07.3991678+01:00,Miami,8,Regular
FC6018B3-B934-4FFF-B6A9-904C4B3082C7,2019-09-07T00:39:07.3991678+01:00,Seattle,627,Regular
B3B19755-C6E5-4E4A-B423-1B31DCCEB137,2019-09-07T00:49:07.3991678+01:00,New York,993,Regular
039AA17C-2C5C-4A4F-B019-D416D0E4F5E6,2019-09-07T00:59:07.3991678+01:00,Miami,276,Regular
71B3B20F-0BD1-4C1D-BA33-3264D904581C,2019-09-07T01:09:07.3991678+01:00,San Francisco,948,Regular
1AF29CA0-FBF2-48B6-9D0B-88FF331FADC1,2019-09-07T01:19:07.3991678+01:00,Kahului,600,Regular
1AF29CA0-FBF2-48B6-9D0B-88FF331FADC1,2019-09-07T01:29:07.3991678+01:00,Kahului,771,Regular
B3B19755-C6E5-4E4A-B423-1B31DCCEB137,2019-09-07T01:39:07.3991678+01:00,New York,24,Regular
FC6018B3-B934-4FFF-B6A9-904C4B3082C7,2019-09-07T01:49:07.3991678+01:00,Seattle,394,Regular
FC6018B3-B934-4FFF-B6A9-904C4B3082C7,2019-09-07T01:59:07.3991678+01:00,Seattle,741,Regular
FC6018B3-B934-4FFF-B6A9-904C4B3082C7,2019-09-07T02:09:07.3991678+01:00,Seattle,343,Regular
B3B19755-C6E5-4E4A-B423-1B31DCCEB137,2019-09-07T02:19:07.3991678+01:00,New York,369,Regular
FC6018B3-B934-4FFF-B6A9-904C4B3082C7,2019-09-07T02:29:07.3991678+01:00,Seattle,201,Regular
B3B19755-C6E5-4E4A-B423-1B31DCCEB137,2019-09-07T02:39:07.3991678+01:00,New York,875,Regular
FC6018B3-B934-4FFF-B6A9-904C4B3082C7,2019-09-07T02:49:07.3991678+01:00,Seattle,570,Regular
1AF29CA0-FBF2-48B6-9D0B-88FF331FADC1,2019-09-07T02:59:07.3991678+01:00,Kahului,165,Regular
71B3B20F-0BD1-4C1D-BA33-3264D904581C,2019-09-07T03:09:07.3991678+01:00,San Francisco,509,Regular
039AA17C-2C5C-4A4F-B019-D416D0E4F5E6,2019-09-07T03:19:07.3991678+01:00,Miami,268,Regular
B3B19755-C6E5-4E4A-B423-1B31DCCEB137,2019-09-07T03:29:07.3991678+01:00,New York,449,Regular
039AA17C-2C5C-4A4F-B019-D416D0E4F5E6,2019-09-07T03:39:07.3991678+01:00,Miami,902,Regular
71B3B20F-0BD1-4C1D-BA33-3264D904581C,2019-09-07T03:49:07.3991678+01:00,San Francisco,788,Regular
71B3B20F-0BD1-4C1D-BA33-3264D904581C,2019-09-07T03:59:07.3991678+01:00,San Francisco,90,Regular
039AA17C-2C5C-4A4F-B019-D416D0E4F5E6,2019-09-07T04:09:07.3991678+01:00,Miami,12,Regular
B3B19755-C6E5-4E4A-B423-1B31DCCEB137,2019-09-07T04:19:07.3991678+01:00,New York,555,Regular
71B3B20F-0BD1-4C1D-BA33-3264D904581C,2019-09-07T04:29:07.3991678+01:00,San Francisco,841,Regular
039AA17C-2C5C-4A4F-B019-D416D0E4F5E6,2019-09-07T04:39:07.3991678+01:00,Miami,775,Regular
B3B19755-C6E5-4E4A-B423-1B31DCCEB137,2019-09-07T04:49:07.3991678+01:00,New York,450,Regular
71B3B20F-0BD1-4C1D-BA33-3264D904581C,2019-09-07T04:59:07.3991678+01:00,San Francisco,519,Regular
71B3B20F-0BD1-4C1D-BA33-3264D904581C,2019-09-07T05:09:07.3991678+01:00,San Francisco,215,Regular
FC6018B3-B934-4FFF-B6A9-904C4B3082C7,2019-09-07T05:19:07.3991678+01:00,Seattle,251,Regular
039AA17C-2C5C-4A4F-B019-D416D0E4F5E6,2019-09-07T05:29:07.3991678+01:00,Miami,328,Regular
71B3B20F-0BD1-4C1D-BA33-3264D904581C,2019-09-07T05:39:07.3991678+01:00,San Francisco,455,Regular
FC6018B3-B934-4FFF-B6A9-904C4B3082C7,2019-09-07T05:49:07.3991678+01:00,Seattle,864,Regular
B3B19755-C6E5-4E4A-B423-1B31DCCEB137,2019-09-07T05:59:07.3991678+01:00,New York,130,Regular
FC6018B3-B934-4FFF-B6A9-904C4B3082C7,2019-09-07T06:09:07.3991678+01:00,Seattle,602,Regular
039AA17C-2C5C-4A4F-B019-D416D0E4F5E6,2019-09-07T06:19:07.3991678+01:00,Miami,784,Regular
B3B19755-C6E5-4E4A-B423-1B31DCCEB137,2019-09-07T06:29:07.3991678+01:00,New York,273,Regular
1AF29CA0-FBF2-48B6-9D0B-88FF331FADC1,2019-09-07T06:39:07.3991678+01:00,Kahului,535,Regular
B3B19755-C6E5-4E4A-B423-1B31DCCEB137,2019-09-07T06:49:07.3991678+01:00,New York,809,Regular
B3B19755-C6E5-4E4A-B423-1B31DCCEB137,2019-09-07T06:49:09.3991678+01:00,San Francisco,20,Suspect
B3B19755-C6E5-4E4A-B423-1B31DCCEB137,2019-09-07T06:59:07.3991678+01:00,New York,857,Regular
039AA17C-2C5C-4A4F-B019-D416D0E4F5E6,2019-09-07T07:09:07.3991678+01:00,Miami,659,Regular
1AF29CA0-FBF2-48B6-9D0B-88FF331FADC1,2019-09-07T07:19:07.3991678+01:00,Kahului,102,Regular
FC6018B3-B934-4FFF-B6A9-904C4B3082C7,2019-09-07T07:29:07.3991678+01:00,Seattle,808,Regular
71B3B20F-0BD1-4C1D-BA33-3264D904581C,2019-09-07T07:39:07.3991678+01:00,San Francisco,973,Regular
1AF29CA0-FBF2-48B6-9D0B-88FF331FADC1,2019-09-07T07:49:07.3991678+01:00,Kahului,76,Regular
039AA17C-2C5C-4A4F-B019-D416D0E4F5E6,2019-09-07T07:59:07.3991678+01:00,Miami,279,Regular
1AF29CA0-FBF2-48B6-9D0B-88FF331FADC1,2019-09-07T08:09:07.3991678+01:00,Kahului,648,Regular
FC6018B3-B934-4FFF-B6A9-904C4B3082C7,2019-09-07T08:19:07.3991678+01:00,Seattle,247,Regular
B3B19755-C6E5-4E4A-B423-1B31DCCEB137,2019-09-07T08:29:07.3991678+01:00,New York,845,Regular
71B3B20F-0BD1-4C1D-BA33-3264D904581C,2019-09-07T08:39:07.3991678+01:00,San Francisco,818,Regular
039AA17C-2C5C-4A4F-B019-D416D0E4F5E6,2019-09-07T08:49:07.3991678+01:00,Miami,604,Regular
039AA17C-2C5C-4A4F-B019-D416D0E4F5E6,2019-09-07T08:59:07.3991678+01:00,Miami,394,Regular
FC6018B3-B934-4FFF-B6A9-904C4B3082C7,2019-09-07T09:09:07.3991678+01:00,Seattle,725,Regular
71B3B20F-0BD1-4C1D-BA33-3264D904581C,2019-09-07T09:19:07.3991678+01:00,San Francisco,40,Regular
039AA17C-2C5C-4A4F-B019-D416D0E4F5E6,2019-09-07T09:29:07.3991678+01:00,Miami,763,Regular
B3B19755-C6E5-4E4A-B423-1B31DCCEB137,2019-09-07T09:39:07.3991678+01:00,New York,132,Regular
039AA17C-2C5C-4A4F-B019-D416D0E4F5E6,2019-09-07T09:49:07.3991678+01:00,Miami,353,Regular
1AF29CA0-FBF2-48B6-9D0B-88FF331FADC1,2019-09-07T09:59:07.3991678+01:00,Kahului,446,Regular
71B3B20F-0BD1-4C1D-BA33-3264D904581C,2019-09-07T10:09:07.3991678+01:00,San Francisco,782,Regular
B3B19755-C6E5-4E4A-B423-1B31DCCEB137,2019-09-07T10:19:07.3991678+01:00,New York,435,Regular
71B3B20F-0BD1-4C1D-BA33-3264D904581C,2019-09-07T10:29:07.3991678+01:00,San Francisco,741,Regular
039AA17C-2C5C-4A4F-B019-D416D0E4F5E6,2019-09-07T10:39:07.3991678+01:00,Miami,462,Regular
71B3B20F-0BD1-4C1D-BA33-3264D904581C,2019-09-07T10:49:07.3991678+01:00,San Francisco,149,Regular
1AF29CA0-FBF2-48B6-9D0B-88FF331FADC1,2019-09-07T10:59:07.3991678+01:00,Kahului,3,Regular
B3B19755-C6E5-4E4A-B423-1B31DCCEB137,2019-09-07T11:09:07.3991678+01:00,New York,669,Regular
1AF29CA0-FBF2-48B6-9D0B-88FF331FADC1,2019-09-07T11:19:07.3991678+01:00,Kahului,15,Regular
B3B19755-C6E5-4E4A-B423-1B31DCCEB137,2019-09-07T11:29:07.3991678+01:00,New York,913,Regular
1AF29CA0-FBF2-48B6-9D0B-88FF331FADC1,2019-09-07T11:39:07.3991678+01:00,Kahului,826,Regular
B3B19755-C6E5-4E4A-B423-1B31DCCEB137,2019-09-07T11:49:07.3991678+01:00,New York,800,Regular
FC6018B3-B934-4FFF-B6A9-904C4B3082C7,2019-09-07T11:59:07.3991678+01:00,Seattle,369,Regular
1AF29CA0-FBF2-48B6-9D0B-88FF331FADC1,2019-09-07T12:09:07.3991678+01:00,Kahului,749,Regular
71B3B20F-0BD1-4C1D-BA33-3264D904581C,2019-09-07T12:19:07.3991678+01:00,San Francisco,980,Regular
71B3B20F-0BD1-4C1D-BA33-3264D904581C,2019-09-07T12:29:07.3991678+01:00,San Francisco,577,Regular
71B3B20F-0BD1-4C1D-BA33-3264D904581C,2019-09-07T12:39:07.3991678+01:00,San Francisco,115,Regular
039AA17C-2C5C-4A4F-B019-D416D0E4F5E6,2019-09-07T12:49:07.3991678+01:00,Miami,889,Regular
71B3B20F-0BD1-4C1D-BA33-3264D904581C,2019-09-07T12:59:07.3991678+01:00,San Francisco,271,Regular
1AF29CA0-FBF2-48B6-9D0B-88FF331FADC1,2019-09-07T13:09:07.3991678+01:00,Kahului,525,Regular
1AF29CA0-FBF2-48B6-9D0B-88FF331FADC1,2019-09-07T13:19:07.3991678+01:00,Kahului,199,Regular
B3B19755-C6E5-4E4A-B423-1B31DCCEB137,2019-09-07T13:29:07.3991678+01:00,New York,466,Regular
039AA17C-2C5C-4A4F-B019-D416D0E4F5E6,2019-09-07T13:39:07.3991678+01:00,Miami,204,Regular
1AF29CA0-FBF2-48B6-9D0B-88FF331FADC1,2019-09-07T13:49:07.3991678+01:00,Kahului,81,Regular
1AF29CA0-FBF2-48B6-9D0B-88FF331FADC1,2019-09-07T13:59:07.3991678+01:00,Kahului,280,Regular
71B3B20F-0BD1-4C1D-BA33-3264D904581C,2019-09-07T14:09:07.3991678+01:00,San Francisco,243,Regular
1AF29CA0-FBF2-48B6-9D0B-88FF331FADC1,2019-09-07T14:19:07.3991678+01:00,Kahului,391,Regular
B3B19755-C6E5-4E4A-B423-1B31DCCEB137,2019-09-07T14:29:07.3991678+01:00,New York,776,Regular
1AF29CA0-FBF2-48B6-9D0B-88FF331FADC1,2019-09-07T14:39:07.3991678+01:00,Kahului,70,Regular
039AA17C-2C5C-4A4F-B019-D416D0E4F5E6,2019-09-07T14:49:07.3991678+01:00,Miami,996,Regular
B3B19755-C6E5-4E4A-B423-1B31DCCEB137,2019-09-07T14:59:07.3991678+01:00,New York,83,Regular
039AA17C-2C5C-4A4F-B019-D416D0E4F5E6,2019-09-07T15:09:07.3991678+01:00,Miami,720,Regular
B3B19755-C6E5-4E4A-B423-1B31DCCEB137,2019-09-07T15:19:07.3991678+01:00,New York,593,Regular
B3B19755-C6E5-4E4A-B423-1B31DCCEB137,2019-09-07T15:29:07.3991678+01:00,New York,362,Regular
71B3B20F-0BD1-4C1D-BA33-3264D904581C,2019-09-07T15:39:07.3991678+01:00,San Francisco,978,Regular
FC6018B3-B934-4FFF-B6A9-904C4B3082C7,2019-09-07T15:49:07.3991678+01:00,Seattle,175,Regular
1AF29CA0-FBF2-48B6-9D0B-88FF331FADC1,2019-09-07T15:59:07.3991678+01:00,Kahului,923,Regular
FC6018B3-B934-4FFF-B6A9-904C4B3082C7,2019-09-07T16:09:07.3991678+01:00,Seattle,290,Regular
FC6018B3-B934-4FFF-B6A9-904C4B3082C7,2019-09-07T16:19:07.3991678+01:00,Seattle,747,Regular
B3B19755-C6E5-4E4A-B423-1B31DCCEB137,2019-09-07T16:29:07.3991678+01:00,New York,810,Regular
71B3B20F-0BD1-4C1D-BA33-3264D904581C,2019-09-07T16:39:07.3991678+01:00,San Francisco,409,Regular
71B3B20F-0BD1-4C1D-BA33-3264D904581C,2019-09-07T16:49:07.3991678+01:00,San Francisco,828,Regular
039AA17C-2C5C-4A4F-B019-D416D0E4F5E6,2019-09-07T16:59:07.3991678+01:00,Miami,229,Regular
B3B19755-C6E5-4E4A-B423-1B31DCCEB137,2019-09-07T17:09:07.3991678+01:00,New York,494,Regular
1AF29CA0-FBF2-48B6-9D0B-88FF331FADC1,2019-09-07T17:19:07.3991678+01:00,Kahului,927,Regular
FC6018B3-B934-4FFF-B6A9-904C4B3082C7,2019-09-07T17:29:07.3991678+01:00,Seattle,541,Regular
1AF29CA0-FBF2-48B6-9D0B-88FF331FADC1,2019-09-07T17:39:07.3991678+01:00,Kahului,527,Regular
039AA17C-2C5C-4A4F-B019-D416D0E4F5E6,2019-09-07T17:49:07.3991678+01:00,Miami,20,Regular
FC6018B3-B934-4FFF-B6A9-904C4B3082C7,2019-09-07T17:59:07.3991678+01:00,Seattle,293,Regular
1AF29CA0-FBF2-48B6-9D0B-88FF331FADC1,2019-09-07T18:09:07.3991678+01:00,Kahului,512,Regular
039AA17C-2C5C-4A4F-B019-D416D0E4F5E6,2019-09-07T18:19:07.3991678+01:00,Miami,47,Regular
1AF29CA0-FBF2-48B6-9D0B-88FF331FADC1,2019-09-07T18:29:07.3991678+01:00,Kahului,406,Regular
039AA17C-2C5C-4A4F-B019-D416D0E4F5E6,2019-09-07T18:39:07.3991678+01:00,Miami,510,Regular
FC6018B3-B934-4FFF-B6A9-904C4B3082C7,2019-09-07T18:49:07.3991678+01:00,Seattle,269,Regular
FC6018B3-B934-4FFF-B6A9-904C4B3082C7,2019-09-07T18:49:09.3991678+01:00,Miami,52,Suspect
71B3B20F-0BD1-4C1D-BA33-3264D904581C,2019-09-07T18:59:07.3991678+01:00,San Francisco,377,Regular
039AA17C-2C5C-4A4F-B019-D416D0E4F5E6,2019-09-07T19:09:07.3991678+01:00,Miami,105,Regular
71B3B20F-0BD1-4C1D-BA33-3264D904581C,2019-09-07T19:19:07.3991678+01:00,San Francisco,624,Regular
039AA17C-2C5C-4A4F-B019-D416D0E4F5E6,2019-09-07T19:29:07.3991678+01:00,Miami,502,Regular
1AF29CA0-FBF2-48B6-9D0B-88FF331FADC1,2019-09-07T19:39:07.3991678+01:00,Kahului,135,Regular
1AF29CA0-FBF2-48B6-9D0B-88FF331FADC1,2019-09-07T19:49:07.3991678+01:00,Kahului,206,Regular
71B3B20F-0BD1-4C1D-BA33-3264D904581C,2019-09-07T19:59:07.3991678+01:00,San Francisco,585,Regular
B3B19755-C6E5-4E4A-B423-1B31DCCEB137,2019-09-07T20:09:07.3991678+01:00,New York,868,Regular
FC6018B3-B934-4FFF-B6A9-904C4B3082C7,2019-09-07T20:19:07.3991678+01:00,Seattle,77,Regular
039AA17C-2C5C-4A4F-B019-D416D0E4F5E6,2019-09-07T20:29:07.3991678+01:00,Miami,648,Regular
039AA17C-2C5C-4A4F-B019-D416D0E4F5E6,2019-09-07T20:29:09.3991678+01:00,Kahului,259,Suspect
039AA17C-2C5C-4A4F-B019-D416D0E4F5E6,2019-09-07T20:39:07.3991678+01:00,Miami,626,Regular
1AF29CA0-FBF2-48B6-9D0B-88FF331FADC1,2019-09-07T20:49:07.3991678+01:00,Kahului,377,Regular
B3B19755-C6E5-4E4A-B423-1B31DCCEB137,2019-09-07T20:59:07.3991678+01:00,New York,245,Regular
1AF29CA0-FBF2-48B6-9D0B-88FF331FADC1,2019-09-07T21:09:07.3991678+01:00,Kahului,89,Regular
B3B19755-C6E5-4E4A-B423-1B31DCCEB137,2019-09-07T21:19:07.3991678+01:00,New York,754,Regular
B3B19755-C6E5-4E4A-B423-1B31DCCEB137,2019-09-07T21:29:07.3991678+01:00,New York,882,Regular
B3B19755-C6E5-4E4A-B423-1B31DCCEB137,2019-09-07T21:29:09.3991678+01:00,Kahului,830,Suspect
FC6018B3-B934-4FFF-B6A9-904C4B3082C7,2019-09-07T21:39:07.3991678+01:00,Seattle,467,Regular
039AA17C-2C5C-4A4F-B019-D416D0E4F5E6,2019-09-07T21:49:07.3991678+01:00,Miami,508,Regular
039AA17C-2C5C-4A4F-B019-D416D0E4F5E6,2019-09-07T21:59:07.3991678+01:00,Miami,28,Regular
71B3B20F-0BD1-4C1D-BA33-3264D904581C,2019-09-07T22:09:07.3991678+01:00,San Francisco,975,Regular
71B3B20F-0BD1-4C1D-BA33-3264D904581C,2019-09-07T22:19:07.3991678+01:00,San Francisco,553,Regular
71B3B20F-0BD1-4C1D-BA33-3264D904581C,2019-09-07T22:19:09.3991678+01:00,Kahului,491,Suspect
B3B19755-C6E5-4E4A-B423-1B31DCCEB137,2019-09-07T22:29:07.3991678+01:00,New York,775,Regular
1AF29CA0-FBF2-48B6-9D0B-88FF331FADC1,2019-09-07T22:39:07.3991678+01:00,Kahului,816,Regular
FC6018B3-B934-4FFF-B6A9-904C4B3082C7,2019-09-07T22:49:07.3991678+01:00,Seattle,370,Regular
B3B19755-C6E5-4E4A-B423-1B31DCCEB137,2019-09-07T22:59:07.3991678+01:00,New York,514,Regular
039AA17C-2C5C-4A4F-B019-D416D0E4F5E6,2019-09-07T23:09:07.3991678+01:00,Miami,35,Regular
039AA17C-2C5C-4A4F-B019-D416D0E4F5E6,2019-09-07T23:19:07.3991678+01:00,Miami,718,Regular
039AA17C-2C5C-4A4F-B019-D416D0E4F5E6,2019-09-07T23:29:07.3991678+01:00,Miami,661,Regular
1AF29CA0-FBF2-48B6-9D0B-88FF331FADC1,2019-09-07T23:39:07.3991678+01:00,Kahului,590,Regular
B3B19755-C6E5-4E4A-B423-1B31DCCEB137,2019-09-07T23:49:07.3991678+01:00,New York,595,Regular
B3B19755-C6E5-4E4A-B423-1B31DCCEB137,2019-09-07T23:59:07.3991678+01:00,New York,474,Regular
FC6018B3-B934-4FFF-B6A9-904C4B3082C7,2019-09-08T00:09:07.3991678+01:00,Seattle,800,Regular
B3B19755-C6E5-4E4A-B423-1B31DCCEB137,2019-09-08T00:19:07.3991678+01:00,New York,455,Regular
FC6018B3-B934-4FFF-B6A9-904C4B3082C7,2019-09-08T00:29:07.3991678+01:00,Seattle,758,Regular
1AF29CA0-FBF2-48B6-9D0B-88FF331FADC1,2019-09-08T00:39:07.3991678+01:00,Kahului,623,Regular
FC6018B3-B934-4FFF-B6A9-904C4B3082C7,2019-09-08T00:49:07.3991678+01:00,Seattle,73,Regular
B3B19755-C6E5-4E4A-B423-1B31DCCEB137,2019-09-08T00:59:07.3991678+01:00,New York,24,Regular
039AA17C-2C5C-4A4F-B019-D416D0E4F5E6,2019-09-08T01:09:07.3991678+01:00,Miami,810,Regular
039AA17C-2C5C-4A4F-B019-D416D0E4F5E6,2019-09-08T01:19:07.3991678+01:00,Miami,956,Regular
039AA17C-2C5C-4A4F-B019-D416D0E4F5E6,2019-09-08T01:29:07.3991678+01:00,Miami,643,Regular
FC6018B3-B934-4FFF-B6A9-904C4B3082C7,2019-09-08T01:39:07.3991678+01:00,Seattle,598,Regular
FC6018B3-B934-4FFF-B6A9-904C4B3082C7,2019-09-08T01:39:09.3991678+01:00,San Francisco,541,Suspect
B3B19755-C6E5-4E4A-B423-1B31DCCEB137,2019-09-08T01:49:07.3991678+01:00,New York,373,Regular
71B3B20F-0BD1-4C1D-BA33-3264D904581C,2019-09-08T01:59:07.3991678+01:00,San Francisco,324,Regular
1AF29CA0-FBF2-48B6-9D0B-88FF331FADC1,2019-09-08T02:09:07.3991678+01:00,Kahului,844,Regular
1AF29CA0-FBF2-48B6-9D0B-88FF331FADC1,2019-09-08T02:19:07.3991678+01:00,Kahului,158,Regular
FC6018B3-B934-4FFF-B6A9-904C4B3082C7,2019-09-08T02:29:07.3991678+01:00,Seattle,479,Regular
FC6018B3-B934-4FFF-B6A9-904C4B3082C7,2019-09-08T02:29:09.3991678+01:00,New York,65,Suspect
71B3B20F-0BD1-4C1D-BA33-3264D904581C,2019-09-08T02:39:07.3991678+01:00,San Francisco,587,Regular
B3B19755-C6E5-4E4A-B423-1B31DCCEB137,2019-09-08T02:49:07.3991678+01:00,New York,229,Regular
039AA17C-2C5C-4A4F-B019-D416D0E4F5E6,2019-09-08T02:59:07.3991678+01:00,Miami,711,Regular
B3B19755-C6E5-4E4A-B423-1B31DCCEB137,2019-09-08T03:09:07.3991678+01:00,New York,869,Regular
71B3B20F-0BD1-4C1D-BA33-3264D904581C,2019-09-08T03:19:07.3991678+01:00,San Francisco,429,Regular
71B3B20F-0BD1-4C1D-BA33-3264D904581C,2019-09-08T03:29:07.3991678+01:00,San Francisco,243,Regular
FC6018B3-B934-4FFF-B6A9-904C4B3082C7,2019-09-08T03:39:07.3991678+01:00,Seattle,800,Regular
FC6018B3-B934-4FFF-B6A9-904C4B3082C7,2019-09-08T03:49:07.3991678+01:00,Seattle,362,Regular
B3B19755-C6E5-4E4A-B423-1B31DCCEB137,2019-09-08T03:59:07.3991678+01:00,New York,874,Regular
B3B19755-C6E5-4E4A-B423-1B31DCCEB137,2019-09-08T03:59:09.3991678+01:00,Miami,792,Suspect
B3B19755-C6E5-4E4A-B423-1B31DCCEB137,2019-09-08T04:09:07.3991678+01:00,New York,669,Regular
039AA17C-2C5C-4A4F-B019-D416D0E4F5E6,2019-09-08T04:19:07.3991678+01:00,Miami,651,Regular
039AA17C-2C5C-4A4F-B019-D416D0E4F5E6,2019-09-08T04:29:07.3991678+01:00,Miami,233,Regular
FC6018B3-B934-4FFF-B6A9-904C4B3082C7,2019-09-08T04:39:07.3991678+01:00,Seattle,869,Regular
1AF29CA0-FBF2-48B6-9D0B-88FF331FADC1,2019-09-08T04:49:07.3991678+01:00,Kahului,767,Regular
039AA17C-2C5C-4A4F-B019-D416D0E4F5E6,2019-09-08T04:59:07.3991678+01:00,Miami,800,Regular
1AF29CA0-FBF2-48B6-9D0B-88FF331FADC1,2019-09-08T05:09:07.3991678+01:00,Kahului,913,Regular
71B3B20F-0BD1-4C1D-BA33-3264D904581C,2019-09-08T05:19:07.3991678+01:00,San Francisco,833,Regular
71B3B20F-0BD1-4C1D-BA33-3264D904581C,2019-09-08T05:19:09.3991678+01:00,Seattle,316,Suspect
71B3B20F-0BD1-4C1D-BA33-3264D904581C,2019-09-08T05:29:07.3991678+01:00,San Francisco,643,Regular
71B3B20F-0BD1-4C1D-BA33-3264D904581C,2019-09-08T05:29:09.3991678+01:00,Miami,918,Suspect
FC6018B3-B934-4FFF-B6A9-904C4B3082C7,2019-09-08T05:39:07.3991678+01:00,Seattle,200,Regular
B3B19755-C6E5-4E4A-B423-1B31DCCEB137,2019-09-08T05:49:07.3991678+01:00,New York,778,Regular
71B3B20F-0BD1-4C1D-BA33-3264D904581C,2019-09-08T05:59:07.3991678+01:00,San Francisco,10,Regular
039AA17C-2C5C-4A4F-B019-D416D0E4F5E6,2019-09-08T06:09:07.3991678+01:00,Miami,931,Regular
B3B19755-C6E5-4E4A-B423-1B31DCCEB137,2019-09-08T06:19:07.3991678+01:00,New York,595,Regular
B3B19755-C6E5-4E4A-B423-1B31DCCEB137,2019-09-08T06:29:07.3991678+01:00,New York,75,Regular
1AF29CA0-FBF2-48B6-9D0B-88FF331FADC1,2019-09-08T06:39:07.3991678+01:00,Kahului,878,Regular
1AF29CA0-FBF2-48B6-9D0B-88FF331FADC1,2019-09-08T06:39:09.3991678+01:00,Seattle,513,Suspect
039AA17C-2C5C-4A4F-B019-D416D0E4F5E6,2019-09-08T06:49:07.3991678+01:00,Miami,42,Regular
71B3B20F-0BD1-4C1D-BA33-3264D904581C,2019-09-08T06:59:07.3991678+01:00,San Francisco,922,Regular
B3B19755-C6E5-4E4A-B423-1B31DCCEB137,2019-09-08T07:09:07.3991678+01:00,New York,184,Regular
039AA17C-2C5C-4A4F-B019-D416D0E4F5E6,2019-09-08T07:19:07.3991678+01:00,Miami,181,Regular
B3B19755-C6E5-4E4A-B423-1B31DCCEB137,2019-09-08T07:29:07.3991678+01:00,New York,1,Regular
039AA17C-2C5C-4A4F-B019-D416D0E4F5E6,2019-09-08T07:39:07.3991678+01:00,Miami,596,Regular
1AF29CA0-FBF2-48B6-9D0B-88FF331FADC1,2019-09-08T07:49:07.3991678+01:00,Kahului,133,Regular
1AF29CA0-FBF2-48B6-9D0B-88FF331FADC1,2019-09-08T07:59:07.3991678+01:00,Kahului,619,Regular
71B3B20F-0BD1-4C1D-BA33-3264D904581C,2019-09-08T08:09:07.3991678+01:00,San Francisco,536,Regular
FC6018B3-B934-4FFF-B6A9-904C4B3082C7,2019-09-08T08:19:07.3991678+01:00,Seattle,714,Regular
039AA17C-2C5C-4A4F-B019-D416D0E4F5E6,2019-09-08T08:29:07.3991678+01:00,Miami,924,Regular
039AA17C-2C5C-4A4F-B019-D416D0E4F5E6,2019-09-08T08:29:09.3991678+01:00,Kahului,365,Suspect
1AF29CA0-FBF2-48B6-9D0B-88FF331FADC1,2019-09-08T08:39:07.3991678+01:00,Kahului,443,Regular
B3B19755-C6E5-4E4A-B423-1B31DCCEB137,2019-09-08T08:49:07.3991678+01:00,New York,420,Regular
FC6018B3-B934-4FFF-B6A9-904C4B3082C7,2019-09-08T08:59:07.3991678+01:00,Seattle,9,Regular
039AA17C-2C5C-4A4F-B019-D416D0E4F5E6,2019-09-08T09:09:07.3991678+01:00,Miami,87,Regular
1AF29CA0-FBF2-48B6-9D0B-88FF331FADC1,2019-09-08T09:19:07.3991678+01:00,Kahului,207,Regular
1AF29CA0-FBF2-48B6-9D0B-88FF331FADC1,2019-09-08T09:29:07.3991678+01:00,Kahului,122,Regular
039AA17C-2C5C-4A4F-B019-D416D0E4F5E6,2019-09-08T09:39:07.3991678+01:00,Miami,104,Regular
71B3B20F-0BD1-4C1D-BA33-3264D904581C,2019-09-08T09:49:07.3991678+01:00,San Francisco,2,Regular
FC6018B3-B934-4FFF-B6A9-904C4B3082C7,2019-09-08T09:59:07.3991678+01:00,Seattle,559,Regular
B3B19755-C6E5-4E4A-B423-1B31DCCEB137,2019-09-08T10:09:07.3991678+01:00,New York,27,Regular
1AF29CA0-FBF2-48B6-9D0B-88FF331FADC1,2019-09-08T10:19:07.3991678+01:00,Kahului,762,Regular
B3B19755-C6E5-4E4A-B423-1B31DCCEB137,2019-09-08T10:29:07.3991678+01:00,New York,979,Regular
B3B19755-C6E5-4E4A-B423-1B31DCCEB137,2019-09-08T10:39:07.3991678+01:00,New York,523,Regular
039AA17C-2C5C-4A4F-B019-D416D0E4F5E6,2019-09-08T10:49:07.3991678+01:00,Miami,813,Regular
039AA17C-2C5C-4A4F-B019-D416D0E4F5E6,2019-09-08T10:49:09.3991678+01:00,San Francisco,746,Suspect
B3B19755-C6E5-4E4A-B423-1B31DCCEB137,2019-09-08T10:59:07.3991678+01:00,New York,801,Regular
B3B19755-C6E5-4E4A-B423-1B31DCCEB137,2019-09-08T11:09:07.3991678+01:00,New York,981,Regular
B3B19755-C6E5-4E4A-B423-1B31DCCEB137,2019-09-08T11:19:07.3991678+01:00,New York,982,Regular
71B3B20F-0BD1-4C1D-BA33-3264D904581C,2019-09-08T11:29:07.3991678+01:00,San Francisco,314,Regular
B3B19755-C6E5-4E4A-B423-1B31DCCEB137,2019-09-08T11:39:07.3991678+01:00,New York,425,Regular
039AA17C-2C5C-4A4F-B019-D416D0E4F5E6,2019-09-08T11:49:07.3991678+01:00,Miami,605,Regular
B3B19755-C6E5-4E4A-B423-1B31DCCEB137,2019-09-08T11:59:07.3991678+01:00,New York,219,Regular
B3B19755-C6E5-4E4A-B423-1B31DCCEB137,2019-09-08T12:09:07.3991678+01:00,New York,324,Regular
71B3B20F-0BD1-4C1D-BA33-3264D904581C,2019-09-08T12:19:07.3991678+01:00,San Francisco,226,Regular
71B3B20F-0BD1-4C1D-BA33-3264D904581C,2019-09-08T12:29:07.3991678+01:00,San Francisco,136,Regular
71B3B20F-0BD1-4C1D-BA33-3264D904581C,2019-09-08T12:39:07.3991678+01:00,San Francisco,56,Regular
1AF29CA0-FBF2-48B6-9D0B-88FF331FADC1,2019-09-08T12:49:07.3991678+01:00,Kahului,557,Regular
B3B19755-C6E5-4E4A-B423-1B31DCCEB137,2019-09-08T12:59:07.3991678+01:00,New York,439,Regular
B3B19755-C6E5-4E4A-B423-1B31DCCEB137,2019-09-08T13:09:07.3991678+01:00,New York,736,Regular
71B3B20F-0BD1-4C1D-BA33-3264D904581C,2019-09-08T13:19:07.3991678+01:00,San Francisco,150,Regular
039AA17C-2C5C-4A4F-B019-D416D0E4F5E6,2019-09-08T13:29:07.3991678+01:00,Miami,65,Regular
1AF29CA0-FBF2-48B6-9D0B-88FF331FADC1,2019-09-08T13:39:07.3991678+01:00,Kahului,945,Regular
B3B19755-C6E5-4E4A-B423-1B31DCCEB137,2019-09-08T13:49:07.3991678+01:00,New York,342,Regular
B3B19755-C6E5-4E4A-B423-1B31DCCEB137,2019-09-08T13:59:07.3991678+01:00,New York,218,Regular
B3B19755-C6E5-4E4A-B423-1B31DCCEB137,2019-09-08T14:09:07.3991678+01:00,New York,845,Regular
1AF29CA0-FBF2-48B6-9D0B-88FF331FADC1,2019-09-08T14:19:07.3991678+01:00,Kahului,320,Regular
039AA17C-2C5C-4A4F-B019-D416D0E4F5E6,2019-09-08T14:29:07.3991678+01:00,Miami,969,Regular
039AA17C-2C5C-4A4F-B019-D416D0E4F5E6,2019-09-08T14:29:09.3991678+01:00,San Francisco,789,Suspect
039AA17C-2C5C-4A4F-B019-D416D0E4F5E6,2019-09-08T14:39:07.3991678+01:00,Miami,263,Regular
1AF29CA0-FBF2-48B6-9D0B-88FF331FADC1,2019-09-08T14:49:07.3991678+01:00,Kahului,962,Regular
B3B19755-C6E5-4E4A-B423-1B31DCCEB137,2019-09-08T14:59:07.3991678+01:00,New York,272,Regular
039AA17C-2C5C-4A4F-B019-D416D0E4F5E6,2019-09-08T15:09:07.3991678+01:00,Miami,312,Regular
1AF29CA0-FBF2-48B6-9D0B-88FF331FADC1,2019-09-08T15:19:07.3991678+01:00,Kahului,733,Regular
039AA17C-2C5C-4A4F-B019-D416D0E4F5E6,2019-09-08T15:29:07.3991678+01:00,Miami,953,Regular
039AA17C-2C5C-4A4F-B019-D416D0E4F5E6,2019-09-08T15:39:07.3991678+01:00,Miami,150,Regular
B3B19755-C6E5-4E4A-B423-1B31DCCEB137,2019-09-08T15:49:07.3991678+01:00,New York,107,Regular
FC6018B3-B934-4FFF-B6A9-904C4B3082C7,2019-09-08T15:59:07.3991678+01:00,Seattle,731,Regular
B3B19755-C6E5-4E4A-B423-1B31DCCEB137,2019-09-08T16:09:07.3991678+01:00,New York,426,Regular
71B3B20F-0BD1-4C1D-BA33-3264D904581C,2019-09-08T16:19:07.3991678+01:00,San Francisco,735,Regular
1AF29CA0-FBF2-48B6-9D0B-88FF331FADC1,2019-09-08T16:29:07.3991678+01:00,Kahului,779,Regular
B3B19755-C6E5-4E4A-B423-1B31DCCEB137,2019-09-08T16:39:07.3991678+01:00,New York,245,Regular
B3B19755-C6E5-4E4A-B423-1B31DCCEB137,2019-09-08T16:49:07.3991678+01:00,New York,45,Regular
1AF29CA0-FBF2-48B6-9D0B-88FF331FADC1,2019-09-08T16:59:07.3991678+01:00,Kahului,305,Regular
039AA17C-2C5C-4A4F-B019-D416D0E4F5E6,2019-09-08T17:09:07.3991678+01:00,Miami,595,Regular
71B3B20F-0BD1-4C1D-BA33-3264D904581C,2019-09-08T17:19:07.3991678+01:00,San Francisco,657,Regular
FC6018B3-B934-4FFF-B6A9-904C4B3082C7,2019-09-08T17:29:07.3991678+01:00,Seattle,543,Regular
FC6018B3-B934-4FFF-B6A9-904C4B3082C7,2019-09-08T17:29:09.3991678+01:00,Kahului,489,Suspect
B3B19755-C6E5-4E4A-B423-1B31DCCEB137,2019-09-08T17:39:07.3991678+01:00,New York,693,Regular
B3B19755-C6E5-4E4A-B423-1B31DCCEB137,2019-09-08T17:49:07.3991678+01:00,New York,881,Regular
FC6018B3-B934-4FFF-B6A9-904C4B3082C7,2019-09-08T17:59:07.3991678+01:00,Seattle,532,Regular
039AA17C-2C5C-4A4F-B019-D416D0E4F5E6,2019-09-08T18:09:07.3991678+01:00,Miami,991,Regular
FC6018B3-B934-4FFF-B6A9-904C4B3082C7,2019-09-08T18:19:07.3991678+01:00,Seattle,509,Regular
039AA17C-2C5C-4A4F-B019-D416D0E4F5E6,2019-09-08T18:29:07.3991678+01:00,Miami,525,Regular
1AF29CA0-FBF2-48B6-9D0B-88FF331FADC1,2019-09-08T18:39:07.3991678+01:00,Kahului,769,Regular
FC6018B3-B934-4FFF-B6A9-904C4B3082C7,2019-09-08T18:49:07.3991678+01:00,Seattle,225,Regular
B3B19755-C6E5-4E4A-B423-1B31DCCEB137,2019-09-08T18:59:07.3991678+01:00,New York,189,Regular
FC6018B3-B934-4FFF-B6A9-904C4B3082C7,2019-09-08T19:09:07.3991678+01:00,Seattle,349,Regular
FC6018B3-B934-4FFF-B6A9-904C4B3082C7,2019-09-08T19:19:07.3991678+01:00,Seattle,83,Regular
1AF29CA0-FBF2-48B6-9D0B-88FF331FADC1,2019-09-08T19:29:07.3991678+01:00,Kahului,258,Regular
B3B19755-C6E5-4E4A-B423-1B31DCCEB137,2019-09-08T19:39:07.3991678+01:00,New York,171,Regular
FC6018B3-B934-4FFF-B6A9-904C4B3082C7,2019-09-08T19:49:07.3991678+01:00,Seattle,868,Regular
1AF29CA0-FBF2-48B6-9D0B-88FF331FADC1,2019-09-08T19:59:07.3991678+01:00,Kahului,226,Regular
FC6018B3-B934-4FFF-B6A9-904C4B3082C7,2019-09-08T20:09:07.3991678+01:00,Seattle,376,Regular
039AA17C-2C5C-4A4F-B019-D416D0E4F5E6,2019-09-08T20:19:07.3991678+01:00,Miami,339,Regular
B3B19755-C6E5-4E4A-B423-1B31DCCEB137,2019-09-08T20:29:07.3991678+01:00,New York,535,Regular
1AF29CA0-FBF2-48B6-9D0B-88FF331FADC1,2019-09-08T20:39:07.3991678+01:00,Kahului,354,Regular
B3B19755-C6E5-4E4A-B423-1B31DCCEB137,2019-09-08T20:49:07.3991678+01:00,New York,94,Regular
1AF29CA0-FBF2-48B6-9D0B-88FF331FADC1,2019-09-08T20:59:07.3991678+01:00,Kahului,77,Regular
1AF29CA0-FBF2-48B6-9D0B-88FF331FADC1,2019-09-08T20:59:09.3991678+01:00,Seattle,855,Suspect
71B3B20F-0BD1-4C1D-BA33-3264D904581C,2019-09-08T21:09:07.3991678+01:00,San Francisco,467,Regular
1AF29CA0-FBF2-48B6-9D0B-88FF331FADC1,2019-09-08T21:19:07.3991678+01:00,Kahului,434,Regular
FC6018B3-B934-4FFF-B6A9-904C4B3082C7,2019-09-08T21:29:07.3991678+01:00,Seattle,713,Regular
FC6018B3-B934-4FFF-B6A9-904C4B3082C7,2019-09-08T21:39:07.3991678+01:00,Seattle,292,Regular
B3B19755-C6E5-4E4A-B423-1B31DCCEB137,2019-09-08T21:49:07.3991678+01:00,New York,323,Regular
1AF29CA0-FBF2-48B6-9D0B-88FF331FADC1,2019-09-08T21:59:07.3991678+01:00,Kahului,130,Regular
FC6018B3-B934-4FFF-B6A9-904C4B3082C7,2019-09-08T22:09:07.3991678+01:00,Seattle,620,Regular
FC6018B3-B934-4FFF-B6A9-904C4B3082C7,2019-09-08T22:09:09.3991678+01:00,New York,548,Suspect
039AA17C-2C5C-4A4F-B019-D416D0E4F5E6,2019-09-08T22:19:07.3991678+01:00,Miami,904,Regular
FC6018B3-B934-4FFF-B6A9-904C4B3082C7,2019-09-08T22:29:07.3991678+01:00,Seattle,78,Regular
71B3B20F-0BD1-4C1D-BA33-3264D904581C,2019-09-08T22:39:07.3991678+01:00,San Francisco,792,Regular
B3B19755-C6E5-4E4A-B423-1B31DCCEB137,2019-09-08T22:49:07.3991678+01:00,New York,841,Regular
71B3B20F-0BD1-4C1D-BA33-3264D904581C,2019-09-08T22:59:07.3991678+01:00,San Francisco,672,Regular
1AF29CA0-FBF2-48B6-9D0B-88FF331FADC1,2019-09-08T23:09:07.3991678+01:00,Kahului,302,Regular
FC6018B3-B934-4FFF-B6A9-904C4B3082C7,2019-09-08T23:19:07.3991678+01:00,Seattle,408,Regular
039AA17C-2C5C-4A4F-B019-D416D0E4F5E6,2019-09-08T23:29:07.3991678+01:00,Miami,863,Regular
B3B19755-C6E5-4E4A-B423-1B31DCCEB137,2019-09-08T23:39:07.3991678+01:00,New York,483,Regular
039AA17C-2C5C-4A4F-B019-D416D0E4F5E6,2019-09-08T23:49:07.3991678+01:00,Miami,999,Regular
FC6018B3-B934-4FFF-B6A9-904C4B3082C7,2019-09-08T23:59:07.3991678+01:00,Seattle,962,Regular
71B3B20F-0BD1-4C1D-BA33-3264D904581C,2019-09-09T00:09:07.3991678+01:00,San Francisco,933,Regular
71B3B20F-0BD1-4C1D-BA33-3264D904581C,2019-09-09T00:19:07.3991678+01:00,San Francisco,476,Regular
71B3B20F-0BD1-4C1D-BA33-3264D904581C,2019-09-09T00:29:07.3991678+01:00,San Francisco,196,Regular
FC6018B3-B934-4FFF-B6A9-904C4B3082C7,2019-09-09T00:39:07.3991678+01:00,Seattle,35,Regular
FC6018B3-B934-4FFF-B6A9-904C4B3082C7,2019-09-09T00:49:07.3991678+01:00,Seattle,553,Regular
FC6018B3-B934-4FFF-B6A9-904C4B3082C7,2019-09-09T00:59:07.3991678+01:00,Seattle,818,Regular
1AF29CA0-FBF2-48B6-9D0B-88FF331FADC1,2019-09-09T01:09:07.3991678+01:00,Kahului,365,Regular
FC6018B3-B934-4FFF-B6A9-904C4B3082C7,2019-09-09T01:19:07.3991678+01:00,Seattle,582,Regular
FC6018B3-B934-4FFF-B6A9-904C4B3082C7,2019-09-09T01:29:07.3991678+01:00,Seattle,772,Regular
B3B19755-C6E5-4E4A-B423-1B31DCCEB137,2019-09-09T01:39:07.3991678+01:00,New York,13,Regular
1AF29CA0-FBF2-48B6-9D0B-88FF331FADC1,2019-09-09T01:49:07.3991678+01:00,Kahului,220,Regular
039AA17C-2C5C-4A4F-B019-D416D0E4F5E6,2019-09-09T01:59:07.3991678+01:00,Miami,474,Regular
1AF29CA0-FBF2-48B6-9D0B-88FF331FADC1,2019-09-09T02:09:07.3991678+01:00,Kahului,887,Regular
039AA17C-2C5C-4A4F-B019-D416D0E4F5E6,2019-09-09T02:19:07.3991678+01:00,Miami,710,Regular
71B3B20F-0BD1-4C1D-BA33-3264D904581C,2019-09-09T02:29:07.3991678+01:00,San Francisco,471,Regular
039AA17C-2C5C-4A4F-B019-D416D0E4F5E6,2019-09-09T02:39:07.3991678+01:00,Miami,696,Regular
039AA17C-2C5C-4A4F-B019-D416D0E4F5E6,2019-09-09T02:49:07.3991678+01:00,Miami,428,Regular
FC6018B3-B934-4FFF-B6A9-904C4B3082C7,2019-09-09T02:59:07.3991678+01:00,Seattle,779,Regular
B3B19755-C6E5-4E4A-B423-1B31DCCEB137,2019-09-09T03:09:07.3991678+01:00,New York,521,Regular
71B3B20F-0BD1-4C1D-BA33-3264D904581C,2019-09-09T03:19:07.3991678+01:00,San Francisco,776,Regular
1AF29CA0-FBF2-48B6-9D0B-88FF331FADC1,2019-09-09T03:29:07.3991678+01:00,Kahului,860,Regular
FC6018B3-B934-4FFF-B6A9-904C4B3082C7,2019-09-09T03:39:07.3991678+01:00,Seattle,316,Regular
039AA17C-2C5C-4A4F-B019-D416D0E4F5E6,2019-09-09T03:49:07.3991678+01:00,Miami,222,Regular
FC6018B3-B934-4FFF-B6A9-904C4B3082C7,2019-09-09T03:59:07.3991678+01:00,Seattle,198,Regular
039AA17C-2C5C-4A4F-B019-D416D0E4F5E6,2019-09-09T04:09:07.3991678+01:00,Miami,570,Regular
1AF29CA0-FBF2-48B6-9D0B-88FF331FADC1,2019-09-09T04:19:07.3991678+01:00,Kahului,353,Regular
FC6018B3-B934-4FFF-B6A9-904C4B3082C7,2019-09-09T04:29:07.3991678+01:00,Seattle,284,Regular
FC6018B3-B934-4FFF-B6A9-904C4B3082C7,2019-09-09T04:39:07.3991678+01:00,Seattle,747,Regular
B3B19755-C6E5-4E4A-B423-1B31DCCEB137,2019-09-09T04:49:07.3991678+01:00,New York,937,Regular
B3B19755-C6E5-4E4A-B423-1B31DCCEB137,2019-09-09T04:59:07.3991678+01:00,New York,649,Regular
039AA17C-2C5C-4A4F-B019-D416D0E4F5E6,2019-09-09T05:09:07.3991678+01:00,Miami,987,Regular
FC6018B3-B934-4FFF-B6A9-904C4B3082C7,2019-09-09T05:19:07.3991678+01:00,Seattle,204,Regular
039AA17C-2C5C-4A4F-B019-D416D0E4F5E6,2019-09-09T05:29:07.3991678+01:00,Miami,394,Regular
039AA17C-2C5C-4A4F-B019-D416D0E4F5E6,2019-09-09T05:29:09.3991678+01:00,Seattle,14,Suspect
FC6018B3-B934-4FFF-B6A9-904C4B3082C7,2019-09-09T05:39:07.3991678+01:00,Seattle,851,Regular
71B3B20F-0BD1-4C1D-BA33-3264D904581C,2019-09-09T05:49:07.3991678+01:00,San Francisco,250,Regular
B3B19755-C6E5-4E4A-B423-1B31DCCEB137,2019-09-09T05:59:07.3991678+01:00,New York,942,Regular
71B3B20F-0BD1-4C1D-BA33-3264D904581C,2019-09-09T06:09:07.3991678+01:00,San Francisco,241,Regular
FC6018B3-B934-4FFF-B6A9-904C4B3082C7,2019-09-09T06:19:07.3991678+01:00,Seattle,628,Regular
FC6018B3-B934-4FFF-B6A9-904C4B3082C7,2019-09-09T06:29:07.3991678+01:00,Seattle,598,Regular
1AF29CA0-FBF2-48B6-9D0B-88FF331FADC1,2019-09-09T06:39:07.3991678+01:00,Kahului,375,Regular
039AA17C-2C5C-4A4F-B019-D416D0E4F5E6,2019-09-09T06:49:07.3991678+01:00,Miami,126,Regular
FC6018B3-B934-4FFF-B6A9-904C4B3082C7,2019-09-09T06:59:07.3991678+01:00,Seattle,819,Regular
1AF29CA0-FBF2-48B6-9D0B-88FF331FADC1,2019-09-09T07:09:07.3991678+01:00,Kahului,804,Regular
039AA17C-2C5C-4A4F-B019-D416D0E4F5E6,2019-09-09T07:19:07.3991678+01:00,Miami,955,Regular
FC6018B3-B934-4FFF-B6A9-904C4B3082C7,2019-09-09T07:29:07.3991678+01:00,Seattle,602,Regular
039AA17C-2C5C-4A4F-B019-D416D0E4F5E6,2019-09-09T07:39:07.3991678+01:00,Miami,355,Regular
71B3B20F-0BD1-4C1D-BA33-3264D904581C,2019-09-09T07:49:07.3991678+01:00,San Francisco,231,Regular
71B3B20F-0BD1-4C1D-BA33-3264D904581C,2019-09-09T07:59:07.3991678+01:00,San Francisco,785,Regular
FC6018B3-B934-4FFF-B6A9-904C4B3082C7,2019-09-09T08:09:07.3991678+01:00,Seattle,619,Regular
B3B19755-C6E5-4E4A-B423-1B31DCCEB137,2019-09-09T08:19:07.3991678+01:00,New York,737,Regular
B3B19755-C6E5-4E4A-B423-1B31DCCEB137,2019-09-09T08:29:07.3991678+01:00,New York,777,Regular
1AF29CA0-FBF2-48B6-9D0B-88FF331FADC1,2019-09-09T08:39:07.3991678+01:00,Kahului,902,Regular
1AF29CA0-FBF2-48B6-9D0B-88FF331FADC1,2019-09-09T08:39:09.3991678+01:00,San Francisco,20,Suspect
B3B19755-C6E5-4E4A-B423-1B31DCCEB137,2019-09-09T08:49:07.3991678+01:00,New York,842,Regular
FC6018B3-B934-4FFF-B6A9-904C4B3082C7,2019-09-09T08:59:07.3991678+01:00,Seattle,209,Regular
71B3B20F-0BD1-4C1D-BA33-3264D904581C,2019-09-09T09:09:07.3991678+01:00,San Francisco,242,Regular
FC6018B3-B934-4FFF-B6A9-904C4B3082C7,2019-09-09T09:19:07.3991678+01:00,Seattle,703,Regular
71B3B20F-0BD1-4C1D-BA33-3264D904581C,2019-09-09T09:29:07.3991678+01:00,San Francisco,21,Regular
FC6018B3-B934-4FFF-B6A9-904C4B3082C7,2019-09-09T09:39:07.3991678+01:00,Seattle,216,Regular
71B3B20F-0BD1-4C1D-BA33-3264D904581C,2019-09-09T09:49:07.3991678+01:00,San Francisco,315,Regular
71B3B20F-0BD1-4C1D-BA33-3264D904581C,2019-09-09T09:59:07.3991678+01:00,San Francisco,181,Regular
FC6018B3-B934-4FFF-B6A9-904C4B3082C7,2019-09-09T10:09:07.3991678+01:00,Seattle,270,Regular
FC6018B3-B934-4FFF-B6A9-904C4B3082C7,2019-09-09T10:19:07.3991678+01:00,Seattle,215,Regular
1AF29CA0-FBF2-48B6-9D0B-88FF331FADC1,2019-09-09T10:29:07.3991678+01:00,Kahului,88,Regular
71B3B20F-0BD1-4C1D-BA33-3264D904581C,2019-09-09T10:39:07.3991678+01:00,San Francisco,540,Regular
71B3B20F-0BD1-4C1D-BA33-3264D904581C,2019-09-09T10:49:07.3991678+01:00,San Francisco,961,Regular
B3B19755-C6E5-4E4A-B423-1B31DCCEB137,2019-09-09T10:59:07.3991678+01:00,New York,1,Regular
71B3B20F-0BD1-4C1D-BA33-3264D904581C,2019-09-09T11:09:07.3991678+01:00,San Francisco,981,Regular
FC6018B3-B934-4FFF-B6A9-904C4B3082C7,2019-09-09T11:19:07.3991678+01:00,Seattle,348,Regular
